reference,file,reference_url,possible_counterpart
"Firestorm","floater_360capture.xml","https://github.com/FirestormViewer/phoenix-firestorm/blob/1f0184a8e8288d96c7cfc2c2eb4bf226a247641b/indra/newview/skins/default/xui/en/floater_360capture.xml","Not implemented or not independently verified"
"Firestorm","floater_NACL_explore_sounds.xml","https://github.com/FirestormViewer/phoenix-firestorm/blob/1f0184a8e8288d96c7cfc2c2eb4bf226a247641b/indra/newview/skins/default/xui/en/floater_NACL_explore_sounds.xml","Not implemented or not independently verified"
"Firestorm","floater_aaa.xml","https://github.com/FirestormViewer/phoenix-firestorm/blob/1f0184a8e8288d96c7cfc2c2eb4bf226a247641b/indra/newview/skins/default/xui/en/floater_aaa.xml","Not implemented or not independently verified"
"Firestorm","floater_about.xml","https://github.com/FirestormViewer/phoenix-firestorm/blob/1f0184a8e8288d96c7cfc2c2eb4bf226a247641b/indra/newview/skins/default/xui/en/floater_about.xml","Not implemented or not independently verified"
"Firestorm","floater_about_land.xml","https://github.com/FirestormViewer/phoenix-firestorm/blob/1f0184a8e8288d96c7cfc2c2eb4bf226a247641b/indra/newview/skins/default/xui/en/floater_about_land.xml","Parcel (inspection only)"
"Firestorm","floater_activeim.xml","https://github.com/FirestormViewer/phoenix-firestorm/blob/1f0184a8e8288d96c7cfc2c2eb4bf226a247641b/indra/newview/skins/default/xui/en/floater_activeim.xml","Not implemented or not independently verified"
"Firestorm","floater_add_payment_method.xml","https://github.com/FirestormViewer/phoenix-firestorm/blob/1f0184a8e8288d96c7cfc2c2eb4bf226a247641b/indra/newview/skins/default/xui/en/floater_add_payment_method.xml","Not implemented or not independently verified"
"Firestorm","floater_adjust_environment.xml","https://github.com/FirestormViewer/phoenix-firestorm/blob/1f0184a8e8288d96c7cfc2c2eb4bf226a247641b/indra/newview/skins/default/xui/en/floater_adjust_environment.xml","Environment (local preview/region)"
"Firestorm","floater_animation_anim_preview.xml","https://github.com/FirestormViewer/phoenix-firestorm/blob/1f0184a8e8288d96c7cfc2c2eb4bf226a247641b/indra/newview/skins/default/xui/en/floater_animation_anim_preview.xml","Not implemented or not independently verified"
"Firestorm","floater_animation_bvh_preview.xml","https://github.com/FirestormViewer/phoenix-firestorm/blob/1f0184a8e8288d96c7cfc2c2eb4bf226a247641b/indra/newview/skins/default/xui/en/floater_animation_bvh_preview.xml","Not implemented or not independently verified"
"Firestorm","floater_animation_explorer.xml","https://github.com/FirestormViewer/phoenix-firestorm/blob/1f0184a8e8288d96c7cfc2c2eb4bf226a247641b/indra/newview/skins/default/xui/en/floater_animation_explorer.xml","Not implemented or not independently verified"
"Firestorm","floater_ao.xml","https://github.com/FirestormViewer/phoenix-firestorm/blob/1f0184a8e8288d96c7cfc2c2eb4bf226a247641b/indra/newview/skins/default/xui/en/floater_ao.xml","Not implemented or not independently verified"
"Firestorm","floater_associate_listing.xml","https://github.com/FirestormViewer/phoenix-firestorm/blob/1f0184a8e8288d96c7cfc2c2eb4bf226a247641b/indra/newview/skins/default/xui/en/floater_associate_listing.xml","Not implemented or not independently verified"
"Firestorm","floater_auction.xml","https://github.com/FirestormViewer/phoenix-firestorm/blob/1f0184a8e8288d96c7cfc2c2eb4bf226a247641b/indra/newview/skins/default/xui/en/floater_auction.xml","Not implemented or not independently verified"
"Firestorm","floater_autoreplace.xml","https://github.com/FirestormViewer/phoenix-firestorm/blob/1f0184a8e8288d96c7cfc2c2eb4bf226a247641b/indra/newview/skins/default/xui/en/floater_autoreplace.xml","Not implemented or not independently verified"
"Firestorm","floater_avatar.xml","https://github.com/FirestormViewer/phoenix-firestorm/blob/1f0184a8e8288d96c7cfc2c2eb4bf226a247641b/indra/newview/skins/default/xui/en/floater_avatar.xml","Avatar (rendering; editor incomplete)"
"Firestorm","floater_avatar_align.xml","https://github.com/FirestormViewer/phoenix-firestorm/blob/1f0184a8e8288d96c7cfc2c2eb4bf226a247641b/indra/newview/skins/default/xui/en/floater_avatar_align.xml","Avatar (rendering; editor incomplete)"
"Firestorm","floater_avatar_align_mini.xml","https://github.com/FirestormViewer/phoenix-firestorm/blob/1f0184a8e8288d96c7cfc2c2eb4bf226a247641b/indra/newview/skins/default/xui/en/floater_avatar_align_mini.xml","Avatar (rendering; editor incomplete)"
"Firestorm","floater_avatar_picker.xml","https://github.com/FirestormViewer/phoenix-firestorm/blob/1f0184a8e8288d96c7cfc2c2eb4bf226a247641b/indra/newview/skins/default/xui/en/floater_avatar_picker.xml","Avatar (rendering; editor incomplete)"
"Firestorm","floater_avatar_render_settings.xml","https://github.com/FirestormViewer/phoenix-firestorm/blob/1f0184a8e8288d96c7cfc2c2eb4bf226a247641b/indra/newview/skins/default/xui/en/floater_avatar_render_settings.xml","Avatar (rendering; editor incomplete)"
"Firestorm","floater_avatar_textures.xml","https://github.com/FirestormViewer/phoenix-firestorm/blob/1f0184a8e8288d96c7cfc2c2eb4bf226a247641b/indra/newview/skins/default/xui/en/floater_avatar_textures.xml","Avatar (rendering; editor incomplete)"
"Firestorm","floater_avatar_welcome_pack.xml","https://github.com/FirestormViewer/phoenix-firestorm/blob/1f0184a8e8288d96c7cfc2c2eb4bf226a247641b/indra/newview/skins/default/xui/en/floater_avatar_welcome_pack.xml","Avatar (rendering; editor incomplete)"
"Firestorm","floater_ban_duration.xml","https://github.com/FirestormViewer/phoenix-firestorm/blob/1f0184a8e8288d96c7cfc2c2eb4bf226a247641b/indra/newview/skins/default/xui/en/floater_ban_duration.xml","Not implemented or not independently verified"
"Firestorm","floater_beacons.xml","https://github.com/FirestormViewer/phoenix-firestorm/blob/1f0184a8e8288d96c7cfc2c2eb4bf226a247641b/indra/newview/skins/default/xui/en/floater_beacons.xml","Not implemented or not independently verified"
"Firestorm","floater_beamcolor.xml","https://github.com/FirestormViewer/phoenix-firestorm/blob/1f0184a8e8288d96c7cfc2c2eb4bf226a247641b/indra/newview/skins/default/xui/en/floater_beamcolor.xml","Not implemented or not independently verified"
"Firestorm","floater_beamshape.xml","https://github.com/FirestormViewer/phoenix-firestorm/blob/1f0184a8e8288d96c7cfc2c2eb4bf226a247641b/indra/newview/skins/default/xui/en/floater_beamshape.xml","Not implemented or not independently verified"
"Firestorm","floater_build_options.xml","https://github.com/FirestormViewer/phoenix-firestorm/blob/1f0184a8e8288d96c7cfc2c2eb4bf226a247641b/indra/newview/skins/default/xui/en/floater_build_options.xml","Not implemented or not independently verified"
"Firestorm","floater_bulk_perms.xml","https://github.com/FirestormViewer/phoenix-firestorm/blob/1f0184a8e8288d96c7cfc2c2eb4bf226a247641b/indra/newview/skins/default/xui/en/floater_bulk_perms.xml","Not implemented or not independently verified"
"Firestorm","floater_bulk_upload.xml","https://github.com/FirestormViewer/phoenix-firestorm/blob/1f0184a8e8288d96c7cfc2c2eb4bf226a247641b/indra/newview/skins/default/xui/en/floater_bulk_upload.xml","Not implemented or not independently verified"
"Firestorm","floater_bumps.xml","https://github.com/FirestormViewer/phoenix-firestorm/blob/1f0184a8e8288d96c7cfc2c2eb4bf226a247641b/indra/newview/skins/default/xui/en/floater_bumps.xml","Not implemented or not independently verified"
"Firestorm","floater_buy_contents.xml","https://github.com/FirestormViewer/phoenix-firestorm/blob/1f0184a8e8288d96c7cfc2c2eb4bf226a247641b/indra/newview/skins/default/xui/en/floater_buy_contents.xml","Not implemented or not independently verified"
"Firestorm","floater_buy_currency.xml","https://github.com/FirestormViewer/phoenix-firestorm/blob/1f0184a8e8288d96c7cfc2c2eb4bf226a247641b/indra/newview/skins/default/xui/en/floater_buy_currency.xml","Not implemented or not independently verified"
"Firestorm","floater_buy_currency_html.xml","https://github.com/FirestormViewer/phoenix-firestorm/blob/1f0184a8e8288d96c7cfc2c2eb4bf226a247641b/indra/newview/skins/default/xui/en/floater_buy_currency_html.xml","Not implemented or not independently verified"
"Firestorm","floater_buy_land.xml","https://github.com/FirestormViewer/phoenix-firestorm/blob/1f0184a8e8288d96c7cfc2c2eb4bf226a247641b/indra/newview/skins/default/xui/en/floater_buy_land.xml","Not implemented or not independently verified"
"Firestorm","floater_buy_object.xml","https://github.com/FirestormViewer/phoenix-firestorm/blob/1f0184a8e8288d96c7cfc2c2eb4bf226a247641b/indra/newview/skins/default/xui/en/floater_buy_object.xml","Not implemented or not independently verified"
"Firestorm","floater_camera.xml","https://github.com/FirestormViewer/phoenix-firestorm/blob/1f0184a8e8288d96c7cfc2c2eb4bf226a247641b/indra/newview/skins/default/xui/en/floater_camera.xml","Camera"
"Firestorm","floater_camera_presets.xml","https://github.com/FirestormViewer/phoenix-firestorm/blob/1f0184a8e8288d96c7cfc2c2eb4bf226a247641b/indra/newview/skins/default/xui/en/floater_camera_presets.xml","Camera"
"Firestorm","floater_change_item_thumbnail.xml","https://github.com/FirestormViewer/phoenix-firestorm/blob/1f0184a8e8288d96c7cfc2c2eb4bf226a247641b/indra/newview/skins/default/xui/en/floater_change_item_thumbnail.xml","Not implemented or not independently verified"
"Firestorm","floater_chat_mention_picker.xml","https://github.com/FirestormViewer/phoenix-firestorm/blob/1f0184a8e8288d96c7cfc2c2eb4bf226a247641b/indra/newview/skins/default/xui/en/floater_chat_mention_picker.xml","Not implemented or not independently verified"
"Firestorm","floater_choose_group.xml","https://github.com/FirestormViewer/phoenix-firestorm/blob/1f0184a8e8288d96c7cfc2c2eb4bf226a247641b/indra/newview/skins/default/xui/en/floater_choose_group.xml","Groups (profile/members/roles/chat; management incomplete)"
"Firestorm","floater_classified.xml","https://github.com/FirestormViewer/phoenix-firestorm/blob/1f0184a8e8288d96c7cfc2c2eb4bf226a247641b/indra/newview/skins/default/xui/en/floater_classified.xml","Not implemented or not independently verified"
"Firestorm","floater_color_picker.xml","https://github.com/FirestormViewer/phoenix-firestorm/blob/1f0184a8e8288d96c7cfc2c2eb4bf226a247641b/indra/newview/skins/default/xui/en/floater_color_picker.xml","Not implemented or not independently verified"
"Firestorm","floater_combobox_ok_cancel.xml","https://github.com/FirestormViewer/phoenix-firestorm/blob/1f0184a8e8288d96c7cfc2c2eb4bf226a247641b/indra/newview/skins/default/xui/en/floater_combobox_ok_cancel.xml","Not implemented or not independently verified"
"Firestorm","floater_conversation_log.xml","https://github.com/FirestormViewer/phoenix-firestorm/blob/1f0184a8e8288d96c7cfc2c2eb4bf226a247641b/indra/newview/skins/default/xui/en/floater_conversation_log.xml","Not implemented or not independently verified"
"Firestorm","floater_conversation_preview.xml","https://github.com/FirestormViewer/phoenix-firestorm/blob/1f0184a8e8288d96c7cfc2c2eb4bf226a247641b/indra/newview/skins/default/xui/en/floater_conversation_preview.xml","Not implemented or not independently verified"
"Firestorm","floater_create_landmark.xml","https://github.com/FirestormViewer/phoenix-firestorm/blob/1f0184a8e8288d96c7cfc2c2eb4bf226a247641b/indra/newview/skins/default/xui/en/floater_create_landmark.xml","Not implemented or not independently verified"
"Firestorm","floater_critical.xml","https://github.com/FirestormViewer/phoenix-firestorm/blob/1f0184a8e8288d96c7cfc2c2eb4bf226a247641b/indra/newview/skins/default/xui/en/floater_critical.xml","Not implemented or not independently verified"
"Firestorm","floater_delete_pref_preset.xml","https://github.com/FirestormViewer/phoenix-firestorm/blob/1f0184a8e8288d96c7cfc2c2eb4bf226a247641b/indra/newview/skins/default/xui/en/floater_delete_pref_preset.xml","Not implemented or not independently verified"
"Firestorm","floater_destinations.xml","https://github.com/FirestormViewer/phoenix-firestorm/blob/1f0184a8e8288d96c7cfc2c2eb4bf226a247641b/indra/newview/skins/default/xui/en/floater_destinations.xml","Not implemented or not independently verified"
"Firestorm","floater_directory.xml","https://github.com/FirestormViewer/phoenix-firestorm/blob/1f0184a8e8288d96c7cfc2c2eb4bf226a247641b/indra/newview/skins/default/xui/en/floater_directory.xml","Not implemented or not independently verified"
"Firestorm","floater_display_name.xml","https://github.com/FirestormViewer/phoenix-firestorm/blob/1f0184a8e8288d96c7cfc2c2eb4bf226a247641b/indra/newview/skins/default/xui/en/floater_display_name.xml","Not implemented or not independently verified"
"Firestorm","floater_edit_ext_day_cycle.xml","https://github.com/FirestormViewer/phoenix-firestorm/blob/1f0184a8e8288d96c7cfc2c2eb4bf226a247641b/indra/newview/skins/default/xui/en/floater_edit_ext_day_cycle.xml","Not implemented or not independently verified"
"Firestorm","floater_edit_hover_height.xml","https://github.com/FirestormViewer/phoenix-firestorm/blob/1f0184a8e8288d96c7cfc2c2eb4bf226a247641b/indra/newview/skins/default/xui/en/floater_edit_hover_height.xml","Not implemented or not independently verified"
"Firestorm","floater_emoji_complete.xml","https://github.com/FirestormViewer/phoenix-firestorm/blob/1f0184a8e8288d96c7cfc2c2eb4bf226a247641b/indra/newview/skins/default/xui/en/floater_emoji_complete.xml","Not implemented or not independently verified"
"Firestorm","floater_emoji_picker.xml","https://github.com/FirestormViewer/phoenix-firestorm/blob/1f0184a8e8288d96c7cfc2c2eb4bf226a247641b/indra/newview/skins/default/xui/en/floater_emoji_picker.xml","Not implemented or not independently verified"
"Firestorm","floater_event.xml","https://github.com/FirestormViewer/phoenix-firestorm/blob/1f0184a8e8288d96c7cfc2c2eb4bf226a247641b/indra/newview/skins/default/xui/en/floater_event.xml","Not implemented or not independently verified"
"Firestorm","floater_experience_search.xml","https://github.com/FirestormViewer/phoenix-firestorm/blob/1f0184a8e8288d96c7cfc2c2eb4bf226a247641b/indra/newview/skins/default/xui/en/floater_experience_search.xml","Not implemented or not independently verified"
"Firestorm","floater_experienceprofile.xml","https://github.com/FirestormViewer/phoenix-firestorm/blob/1f0184a8e8288d96c7cfc2c2eb4bf226a247641b/indra/newview/skins/default/xui/en/floater_experienceprofile.xml","Not implemented or not independently verified"
"Firestorm","floater_experiences.xml","https://github.com/FirestormViewer/phoenix-firestorm/blob/1f0184a8e8288d96c7cfc2c2eb4bf226a247641b/indra/newview/skins/default/xui/en/floater_experiences.xml","Not implemented or not independently verified"
"Firestorm","floater_export_collada.xml","https://github.com/FirestormViewer/phoenix-firestorm/blob/1f0184a8e8288d96c7cfc2c2eb4bf226a247641b/indra/newview/skins/default/xui/en/floater_export_collada.xml","Not implemented or not independently verified"
"Firestorm","floater_fast_timers.xml","https://github.com/FirestormViewer/phoenix-firestorm/blob/1f0184a8e8288d96c7cfc2c2eb4bf226a247641b/indra/newview/skins/default/xui/en/floater_fast_timers.xml","Not implemented or not independently verified"
"Firestorm","floater_fbc_web.xml","https://github.com/FirestormViewer/phoenix-firestorm/blob/1f0184a8e8288d96c7cfc2c2eb4bf226a247641b/indra/newview/skins/default/xui/en/floater_fbc_web.xml","Not implemented or not independently verified"
"Firestorm","floater_fixedenvironment.xml","https://github.com/FirestormViewer/phoenix-firestorm/blob/1f0184a8e8288d96c7cfc2c2eb4bf226a247641b/indra/newview/skins/default/xui/en/floater_fixedenvironment.xml","Environment (local preview/region)"
"Firestorm","floater_flickr.xml","https://github.com/FirestormViewer/phoenix-firestorm/blob/1f0184a8e8288d96c7cfc2c2eb4bf226a247641b/indra/newview/skins/default/xui/en/floater_flickr.xml","Not implemented or not independently verified"
"Firestorm","floater_font_test.xml","https://github.com/FirestormViewer/phoenix-firestorm/blob/1f0184a8e8288d96c7cfc2c2eb4bf226a247641b/indra/newview/skins/default/xui/en/floater_font_test.xml","Not implemented or not independently verified"
"Firestorm","floater_forget_user.xml","https://github.com/FirestormViewer/phoenix-firestorm/blob/1f0184a8e8288d96c7cfc2c2eb4bf226a247641b/indra/newview/skins/default/xui/en/floater_forget_user.xml","Not implemented or not independently verified"
"Firestorm","floater_fs_area_search.xml","https://github.com/FirestormViewer/phoenix-firestorm/blob/1f0184a8e8288d96c7cfc2c2eb4bf226a247641b/indra/newview/skins/default/xui/en/floater_fs_area_search.xml","Not implemented or not independently verified"
"Firestorm","floater_fs_asset_blacklist.xml","https://github.com/FirestormViewer/phoenix-firestorm/blob/1f0184a8e8288d96c7cfc2c2eb4bf226a247641b/indra/newview/skins/default/xui/en/floater_fs_asset_blacklist.xml","Not implemented or not independently verified"
"Firestorm","floater_fs_avatar_render_settings.xml","https://github.com/FirestormViewer/phoenix-firestorm/blob/1f0184a8e8288d96c7cfc2c2eb4bf226a247641b/indra/newview/skins/default/xui/en/floater_fs_avatar_render_settings.xml","Avatar (rendering; editor incomplete)"
"Firestorm","floater_fs_big_preview.xml","https://github.com/FirestormViewer/phoenix-firestorm/blob/1f0184a8e8288d96c7cfc2c2eb4bf226a247641b/indra/newview/skins/default/xui/en/floater_fs_big_preview.xml","Not implemented or not independently verified"
"Firestorm","floater_fs_blocklist.xml","https://github.com/FirestormViewer/phoenix-firestorm/blob/1f0184a8e8288d96c7cfc2c2eb4bf226a247641b/indra/newview/skins/default/xui/en/floater_fs_blocklist.xml","Not implemented or not independently verified"
"Firestorm","floater_fs_camera_small.xml","https://github.com/FirestormViewer/phoenix-firestorm/blob/1f0184a8e8288d96c7cfc2c2eb4bf226a247641b/indra/newview/skins/default/xui/en/floater_fs_camera_small.xml","Camera"
"Firestorm","floater_fs_contact_add.xml","https://github.com/FirestormViewer/phoenix-firestorm/blob/1f0184a8e8288d96c7cfc2c2eb4bf226a247641b/indra/newview/skins/default/xui/en/floater_fs_contact_add.xml","Not implemented or not independently verified"
"Firestorm","floater_fs_contact_set_configuration.xml","https://github.com/FirestormViewer/phoenix-firestorm/blob/1f0184a8e8288d96c7cfc2c2eb4bf226a247641b/indra/newview/skins/default/xui/en/floater_fs_contact_set_configuration.xml","Not implemented or not independently verified"
"Firestorm","floater_fs_contacts.xml","https://github.com/FirestormViewer/phoenix-firestorm/blob/1f0184a8e8288d96c7cfc2c2eb4bf226a247641b/indra/newview/skins/default/xui/en/floater_fs_contacts.xml","Not implemented or not independently verified"
"Firestorm","floater_fs_discord.xml","https://github.com/FirestormViewer/phoenix-firestorm/blob/1f0184a8e8288d96c7cfc2c2eb4bf226a247641b/indra/newview/skins/default/xui/en/floater_fs_discord.xml","Not implemented or not independently verified"
"Firestorm","floater_fs_export.xml","https://github.com/FirestormViewer/phoenix-firestorm/blob/1f0184a8e8288d96c7cfc2c2eb4bf226a247641b/indra/newview/skins/default/xui/en/floater_fs_export.xml","Not implemented or not independently verified"
"Firestorm","floater_fs_fixedenvironment.xml","https://github.com/FirestormViewer/phoenix-firestorm/blob/1f0184a8e8288d96c7cfc2c2eb4bf226a247641b/indra/newview/skins/default/xui/en/floater_fs_fixedenvironment.xml","Environment (local preview/region)"
"Firestorm","floater_fs_group.xml","https://github.com/FirestormViewer/phoenix-firestorm/blob/1f0184a8e8288d96c7cfc2c2eb4bf226a247641b/indra/newview/skins/default/xui/en/floater_fs_group.xml","Groups (profile/members/roles/chat; management incomplete)"
"Firestorm","floater_fs_group_titles.xml","https://github.com/FirestormViewer/phoenix-firestorm/blob/1f0184a8e8288d96c7cfc2c2eb4bf226a247641b/indra/newview/skins/default/xui/en/floater_fs_group_titles.xml","Groups (profile/members/roles/chat; management incomplete)"
"Firestorm","floater_fs_im_container.xml","https://github.com/FirestormViewer/phoenix-firestorm/blob/1f0184a8e8288d96c7cfc2c2eb4bf226a247641b/indra/newview/skins/default/xui/en/floater_fs_im_container.xml","Not implemented or not independently verified"
"Firestorm","floater_fs_im_session.xml","https://github.com/FirestormViewer/phoenix-firestorm/blob/1f0184a8e8288d96c7cfc2c2eb4bf226a247641b/indra/newview/skins/default/xui/en/floater_fs_im_session.xml","Chat"
"Firestorm","floater_fs_import.xml","https://github.com/FirestormViewer/phoenix-firestorm/blob/1f0184a8e8288d96c7cfc2c2eb4bf226a247641b/indra/newview/skins/default/xui/en/floater_fs_import.xml","Not implemented or not independently verified"
"Firestorm","floater_fs_money_tracker.xml","https://github.com/FirestormViewer/phoenix-firestorm/blob/1f0184a8e8288d96c7cfc2c2eb4bf226a247641b/indra/newview/skins/default/xui/en/floater_fs_money_tracker.xml","Not implemented or not independently verified"
"Firestorm","floater_fs_nearby_chat.xml","https://github.com/FirestormViewer/phoenix-firestorm/blob/1f0184a8e8288d96c7cfc2c2eb4bf226a247641b/indra/newview/skins/default/xui/en/floater_fs_nearby_chat.xml","Not implemented or not independently verified"
"Firestorm","floater_fs_partial_inventory.xml","https://github.com/FirestormViewer/phoenix-firestorm/blob/1f0184a8e8288d96c7cfc2c2eb4bf226a247641b/indra/newview/skins/default/xui/en/floater_fs_partial_inventory.xml","Inventory (partial)"
"Firestorm","floater_fs_performance.xml","https://github.com/FirestormViewer/phoenix-firestorm/blob/1f0184a8e8288d96c7cfc2c2eb4bf226a247641b/indra/newview/skins/default/xui/en/floater_fs_performance.xml","Not implemented or not independently verified"
"Firestorm","floater_fs_placedetails.xml","https://github.com/FirestormViewer/phoenix-firestorm/blob/1f0184a8e8288d96c7cfc2c2eb4bf226a247641b/indra/newview/skins/default/xui/en/floater_fs_placedetails.xml","Not implemented or not independently verified"
"Firestorm","floater_fs_poser.xml","https://github.com/FirestormViewer/phoenix-firestorm/blob/1f0184a8e8288d96c7cfc2c2eb4bf226a247641b/indra/newview/skins/default/xui/en/floater_fs_poser.xml","Not implemented or not independently verified"
"Firestorm","floater_fs_posestand.xml","https://github.com/FirestormViewer/phoenix-firestorm/blob/1f0184a8e8288d96c7cfc2c2eb4bf226a247641b/indra/newview/skins/default/xui/en/floater_fs_posestand.xml","Not implemented or not independently verified"
"Firestorm","floater_fs_protectedfolders.xml","https://github.com/FirestormViewer/phoenix-firestorm/blob/1f0184a8e8288d96c7cfc2c2eb4bf226a247641b/indra/newview/skins/default/xui/en/floater_fs_protectedfolders.xml","Not implemented or not independently verified"
"Firestorm","floater_fs_radar.xml","https://github.com/FirestormViewer/phoenix-firestorm/blob/1f0184a8e8288d96c7cfc2c2eb4bf226a247641b/indra/newview/skins/default/xui/en/floater_fs_radar.xml","Not implemented or not independently verified"
"Firestorm","floater_fs_search.xml","https://github.com/FirestormViewer/phoenix-firestorm/blob/1f0184a8e8288d96c7cfc2c2eb4bf226a247641b/indra/newview/skins/default/xui/en/floater_fs_search.xml","Not implemented or not independently verified"
"Firestorm","floater_fs_splash_screen_settings.xml","https://github.com/FirestormViewer/phoenix-firestorm/blob/1f0184a8e8288d96c7cfc2c2eb4bf226a247641b/indra/newview/skins/default/xui/en/floater_fs_splash_screen_settings.xml","Not implemented or not independently verified"
"Firestorm","floater_fs_streamtitle.xml","https://github.com/FirestormViewer/phoenix-firestorm/blob/1f0184a8e8288d96c7cfc2c2eb4bf226a247641b/indra/newview/skins/default/xui/en/floater_fs_streamtitle.xml","Not implemented or not independently verified"
"Firestorm","floater_fs_streamtitlehistory.xml","https://github.com/FirestormViewer/phoenix-firestorm/blob/1f0184a8e8288d96c7cfc2c2eb4bf226a247641b/indra/newview/skins/default/xui/en/floater_fs_streamtitlehistory.xml","Not implemented or not independently verified"
"Firestorm","floater_fs_teleporthistory.xml","https://github.com/FirestormViewer/phoenix-firestorm/blob/1f0184a8e8288d96c7cfc2c2eb4bf226a247641b/indra/newview/skins/default/xui/en/floater_fs_teleporthistory.xml","Not implemented or not independently verified"
"Firestorm","floater_fs_voice_controls.xml","https://github.com/FirestormViewer/phoenix-firestorm/blob/1f0184a8e8288d96c7cfc2c2eb4bf226a247641b/indra/newview/skins/default/xui/en/floater_fs_voice_controls.xml","Not implemented or not independently verified"
"Firestorm","floater_fs_volume_controls.xml","https://github.com/FirestormViewer/phoenix-firestorm/blob/1f0184a8e8288d96c7cfc2c2eb4bf226a247641b/indra/newview/skins/default/xui/en/floater_fs_volume_controls.xml","Not implemented or not independently verified"
"Firestorm","floater_fs_vram_usage.xml","https://github.com/FirestormViewer/phoenix-firestorm/blob/1f0184a8e8288d96c7cfc2c2eb4bf226a247641b/indra/newview/skins/default/xui/en/floater_fs_vram_usage.xml","Not implemented or not independently verified"
"Firestorm","floater_fs_wearable_favorites.xml","https://github.com/FirestormViewer/phoenix-firestorm/blob/1f0184a8e8288d96c7cfc2c2eb4bf226a247641b/indra/newview/skins/default/xui/en/floater_fs_wearable_favorites.xml","Not implemented or not independently verified"
"Firestorm","floater_gesture.xml","https://github.com/FirestormViewer/phoenix-firestorm/blob/1f0184a8e8288d96c7cfc2c2eb4bf226a247641b/indra/newview/skins/default/xui/en/floater_gesture.xml","Not implemented or not independently verified"
"Firestorm","floater_gltf_asset_editor.xml","https://github.com/FirestormViewer/phoenix-firestorm/blob/1f0184a8e8288d96c7cfc2c2eb4bf226a247641b/indra/newview/skins/default/xui/en/floater_gltf_asset_editor.xml","Not implemented or not independently verified"
"Firestorm","floater_god_tools.xml","https://github.com/FirestormViewer/phoenix-firestorm/blob/1f0184a8e8288d96c7cfc2c2eb4bf226a247641b/indra/newview/skins/default/xui/en/floater_god_tools.xml","Not implemented or not independently verified"
"Firestorm","floater_goto_line.xml","https://github.com/FirestormViewer/phoenix-firestorm/blob/1f0184a8e8288d96c7cfc2c2eb4bf226a247641b/indra/newview/skins/default/xui/en/floater_goto_line.xml","Not implemented or not independently verified"
"Firestorm","floater_grid_status.xml","https://github.com/FirestormViewer/phoenix-firestorm/blob/1f0184a8e8288d96c7cfc2c2eb4bf226a247641b/indra/newview/skins/default/xui/en/floater_grid_status.xml","Not implemented or not independently verified"
"Firestorm","floater_help_browser.xml","https://github.com/FirestormViewer/phoenix-firestorm/blob/1f0184a8e8288d96c7cfc2c2eb4bf226a247641b/indra/newview/skins/default/xui/en/floater_help_browser.xml","Not implemented or not independently verified"
"Firestorm","floater_how_to.xml","https://github.com/FirestormViewer/phoenix-firestorm/blob/1f0184a8e8288d96c7cfc2c2eb4bf226a247641b/indra/newview/skins/default/xui/en/floater_how_to.xml","Not implemented or not independently verified"
"Firestorm","floater_hud.xml","https://github.com/FirestormViewer/phoenix-firestorm/blob/1f0184a8e8288d96c7cfc2c2eb4bf226a247641b/indra/newview/skins/default/xui/en/floater_hud.xml","Not implemented or not independently verified"
"Firestorm","floater_im_container.xml","https://github.com/FirestormViewer/phoenix-firestorm/blob/1f0184a8e8288d96c7cfc2c2eb4bf226a247641b/indra/newview/skins/default/xui/en/floater_im_container.xml","Not implemented or not independently verified"
"Firestorm","floater_im_session.xml","https://github.com/FirestormViewer/phoenix-firestorm/blob/1f0184a8e8288d96c7cfc2c2eb4bf226a247641b/indra/newview/skins/default/xui/en/floater_im_session.xml","Chat"
"Firestorm","floater_image_preview.xml","https://github.com/FirestormViewer/phoenix-firestorm/blob/1f0184a8e8288d96c7cfc2c2eb4bf226a247641b/indra/newview/skins/default/xui/en/floater_image_preview.xml","Not implemented or not independently verified"
"Firestorm","floater_import_collada.xml","https://github.com/FirestormViewer/phoenix-firestorm/blob/1f0184a8e8288d96c7cfc2c2eb4bf226a247641b/indra/newview/skins/default/xui/en/floater_import_collada.xml","Not implemented or not independently verified"
"Firestorm","floater_incoming_call.xml","https://github.com/FirestormViewer/phoenix-firestorm/blob/1f0184a8e8288d96c7cfc2c2eb4bf226a247641b/indra/newview/skins/default/xui/en/floater_incoming_call.xml","Not implemented or not independently verified"
"Firestorm","floater_inspect.xml","https://github.com/FirestormViewer/phoenix-firestorm/blob/1f0184a8e8288d96c7cfc2c2eb4bf226a247641b/indra/newview/skins/default/xui/en/floater_inspect.xml","Not implemented or not independently verified"
"Firestorm","floater_inventory_item_properties.xml","https://github.com/FirestormViewer/phoenix-firestorm/blob/1f0184a8e8288d96c7cfc2c2eb4bf226a247641b/indra/newview/skins/default/xui/en/floater_inventory_item_properties.xml","Inventory (partial)"
"Firestorm","floater_inventory_settings.xml","https://github.com/FirestormViewer/phoenix-firestorm/blob/1f0184a8e8288d96c7cfc2c2eb4bf226a247641b/indra/newview/skins/default/xui/en/floater_inventory_settings.xml","Inventory (partial)"
"Firestorm","floater_inventory_thumbnails_helper.xml","https://github.com/FirestormViewer/phoenix-firestorm/blob/1f0184a8e8288d96c7cfc2c2eb4bf226a247641b/indra/newview/skins/default/xui/en/floater_inventory_thumbnails_helper.xml","Inventory (partial)"
"Firestorm","floater_inventory_view_finder.xml","https://github.com/FirestormViewer/phoenix-firestorm/blob/1f0184a8e8288d96c7cfc2c2eb4bf226a247641b/indra/newview/skins/default/xui/en/floater_inventory_view_finder.xml","Inventory (partial)"
"Firestorm","floater_item_properties.xml","https://github.com/FirestormViewer/phoenix-firestorm/blob/1f0184a8e8288d96c7cfc2c2eb4bf226a247641b/indra/newview/skins/default/xui/en/floater_item_properties.xml","Not implemented or not independently verified"
"Firestorm","floater_joystick.xml","https://github.com/FirestormViewer/phoenix-firestorm/blob/1f0184a8e8288d96c7cfc2c2eb4bf226a247641b/indra/newview/skins/default/xui/en/floater_joystick.xml","Not implemented or not independently verified"
"Firestorm","floater_lagmeter.xml","https://github.com/FirestormViewer/phoenix-firestorm/blob/1f0184a8e8288d96c7cfc2c2eb4bf226a247641b/indra/newview/skins/default/xui/en/floater_lagmeter.xml","Not implemented or not independently verified"
"Firestorm","floater_land_holdings.xml","https://github.com/FirestormViewer/phoenix-firestorm/blob/1f0184a8e8288d96c7cfc2c2eb4bf226a247641b/indra/newview/skins/default/xui/en/floater_land_holdings.xml","Not implemented or not independently verified"
"Firestorm","floater_linkreplace.xml","https://github.com/FirestormViewer/phoenix-firestorm/blob/1f0184a8e8288d96c7cfc2c2eb4bf226a247641b/indra/newview/skins/default/xui/en/floater_linkreplace.xml","Not implemented or not independently verified"
"Firestorm","floater_live_lsleditor.xml","https://github.com/FirestormViewer/phoenix-firestorm/blob/1f0184a8e8288d96c7cfc2c2eb4bf226a247641b/indra/newview/skins/default/xui/en/floater_live_lsleditor.xml","Not implemented or not independently verified"
"Firestorm","floater_live_material_editor.xml","https://github.com/FirestormViewer/phoenix-firestorm/blob/1f0184a8e8288d96c7cfc2c2eb4bf226a247641b/indra/newview/skins/default/xui/en/floater_live_material_editor.xml","Not implemented or not independently verified"
"Firestorm","floater_load_pref_preset.xml","https://github.com/FirestormViewer/phoenix-firestorm/blob/1f0184a8e8288d96c7cfc2c2eb4bf226a247641b/indra/newview/skins/default/xui/en/floater_load_pref_preset.xml","Not implemented or not independently verified"
"Firestorm","floater_lsl_guide.xml","https://github.com/FirestormViewer/phoenix-firestorm/blob/1f0184a8e8288d96c7cfc2c2eb4bf226a247641b/indra/newview/skins/default/xui/en/floater_lsl_guide.xml","Not implemented or not independently verified"
"Firestorm","floater_map.xml","https://github.com/FirestormViewer/phoenix-firestorm/blob/1f0184a8e8288d96c7cfc2c2eb4bf226a247641b/indra/newview/skins/default/xui/en/floater_map.xml","Not implemented or not independently verified"
"Firestorm","floater_marketplace.xml","https://github.com/FirestormViewer/phoenix-firestorm/blob/1f0184a8e8288d96c7cfc2c2eb4bf226a247641b/indra/newview/skins/default/xui/en/floater_marketplace.xml","Not implemented or not independently verified"
"Firestorm","floater_marketplace_listings.xml","https://github.com/FirestormViewer/phoenix-firestorm/blob/1f0184a8e8288d96c7cfc2c2eb4bf226a247641b/indra/newview/skins/default/xui/en/floater_marketplace_listings.xml","Not implemented or not independently verified"
"Firestorm","floater_marketplace_validation.xml","https://github.com/FirestormViewer/phoenix-firestorm/blob/1f0184a8e8288d96c7cfc2c2eb4bf226a247641b/indra/newview/skins/default/xui/en/floater_marketplace_validation.xml","Not implemented or not independently verified"
"Firestorm","floater_material_editor.xml","https://github.com/FirestormViewer/phoenix-firestorm/blob/1f0184a8e8288d96c7cfc2c2eb4bf226a247641b/indra/newview/skins/default/xui/en/floater_material_editor.xml","Not implemented or not independently verified"
"Firestorm","floater_media_browser.xml","https://github.com/FirestormViewer/phoenix-firestorm/blob/1f0184a8e8288d96c7cfc2c2eb4bf226a247641b/indra/newview/skins/default/xui/en/floater_media_browser.xml","Not implemented or not independently verified"
"Firestorm","floater_media_lists.xml","https://github.com/FirestormViewer/phoenix-firestorm/blob/1f0184a8e8288d96c7cfc2c2eb4bf226a247641b/indra/newview/skins/default/xui/en/floater_media_lists.xml","Not implemented or not independently verified"
"Firestorm","floater_media_settings.xml","https://github.com/FirestormViewer/phoenix-firestorm/blob/1f0184a8e8288d96c7cfc2c2eb4bf226a247641b/indra/newview/skins/default/xui/en/floater_media_settings.xml","Not implemented or not independently verified"
"Firestorm","floater_mem_leaking.xml","https://github.com/FirestormViewer/phoenix-firestorm/blob/1f0184a8e8288d96c7cfc2c2eb4bf226a247641b/indra/newview/skins/default/xui/en/floater_mem_leaking.xml","Not implemented or not independently verified"
"Firestorm","floater_model_preview.xml","https://github.com/FirestormViewer/phoenix-firestorm/blob/1f0184a8e8288d96c7cfc2c2eb4bf226a247641b/indra/newview/skins/default/xui/en/floater_model_preview.xml","Not implemented or not independently verified"
"Firestorm","floater_moveview.xml","https://github.com/FirestormViewer/phoenix-firestorm/blob/1f0184a8e8288d96c7cfc2c2eb4bf226a247641b/indra/newview/skins/default/xui/en/floater_moveview.xml","Not implemented or not independently verified"
"Firestorm","floater_mute_object.xml","https://github.com/FirestormViewer/phoenix-firestorm/blob/1f0184a8e8288d96c7cfc2c2eb4bf226a247641b/indra/newview/skins/default/xui/en/floater_mute_object.xml","Mute List"
"Firestorm","floater_my_appearance.xml","https://github.com/FirestormViewer/phoenix-firestorm/blob/1f0184a8e8288d96c7cfc2c2eb4bf226a247641b/indra/newview/skins/default/xui/en/floater_my_appearance.xml","Not implemented or not independently verified"
"Firestorm","floater_my_environments.xml","https://github.com/FirestormViewer/phoenix-firestorm/blob/1f0184a8e8288d96c7cfc2c2eb4bf226a247641b/indra/newview/skins/default/xui/en/floater_my_environments.xml","Environment (local preview/region)"
"Firestorm","floater_my_inventory.xml","https://github.com/FirestormViewer/phoenix-firestorm/blob/1f0184a8e8288d96c7cfc2c2eb4bf226a247641b/indra/newview/skins/default/xui/en/floater_my_inventory.xml","Inventory (partial)"
"Firestorm","floater_my_scripts.xml","https://github.com/FirestormViewer/phoenix-firestorm/blob/1f0184a8e8288d96c7cfc2c2eb4bf226a247641b/indra/newview/skins/default/xui/en/floater_my_scripts.xml","Not implemented or not independently verified"
"Firestorm","floater_my_web_profile.xml","https://github.com/FirestormViewer/phoenix-firestorm/blob/1f0184a8e8288d96c7cfc2c2eb4bf226a247641b/indra/newview/skins/default/xui/en/floater_my_web_profile.xml","Not implemented or not independently verified"
"Firestorm","floater_new_feature_notification.xml","https://github.com/FirestormViewer/phoenix-firestorm/blob/1f0184a8e8288d96c7cfc2c2eb4bf226a247641b/indra/newview/skins/default/xui/en/floater_new_feature_notification.xml","Not implemented or not independently verified"
"Firestorm","floater_notification.xml","https://github.com/FirestormViewer/phoenix-firestorm/blob/1f0184a8e8288d96c7cfc2c2eb4bf226a247641b/indra/newview/skins/default/xui/en/floater_notification.xml","Not implemented or not independently verified"
"Firestorm","floater_notifications_console.xml","https://github.com/FirestormViewer/phoenix-firestorm/blob/1f0184a8e8288d96c7cfc2c2eb4bf226a247641b/indra/newview/skins/default/xui/en/floater_notifications_console.xml","Not implemented or not independently verified"
"Firestorm","floater_notifications_tabbed.xml","https://github.com/FirestormViewer/phoenix-firestorm/blob/1f0184a8e8288d96c7cfc2c2eb4bf226a247641b/indra/newview/skins/default/xui/en/floater_notifications_tabbed.xml","Not implemented or not independently verified"
"Firestorm","floater_object_weights.xml","https://github.com/FirestormViewer/phoenix-firestorm/blob/1f0184a8e8288d96c7cfc2c2eb4bf226a247641b/indra/newview/skins/default/xui/en/floater_object_weights.xml","Not implemented or not independently verified"
"Firestorm","floater_omnifilter.xml","https://github.com/FirestormViewer/phoenix-firestorm/blob/1f0184a8e8288d96c7cfc2c2eb4bf226a247641b/indra/newview/skins/default/xui/en/floater_omnifilter.xml","Not implemented or not independently verified"
"Firestorm","floater_openobject.xml","https://github.com/FirestormViewer/phoenix-firestorm/blob/1f0184a8e8288d96c7cfc2c2eb4bf226a247641b/indra/newview/skins/default/xui/en/floater_openobject.xml","Not implemented or not independently verified"
"Firestorm","floater_outfit_save_as.xml","https://github.com/FirestormViewer/phoenix-firestorm/blob/1f0184a8e8288d96c7cfc2c2eb4bf226a247641b/indra/newview/skins/default/xui/en/floater_outfit_save_as.xml","Not implemented or not independently verified"
"Firestorm","floater_outgoing_call.xml","https://github.com/FirestormViewer/phoenix-firestorm/blob/1f0184a8e8288d96c7cfc2c2eb4bf226a247641b/indra/newview/skins/default/xui/en/floater_outgoing_call.xml","Not implemented or not independently verified"
"Firestorm","floater_particle_editor.xml","https://github.com/FirestormViewer/phoenix-firestorm/blob/1f0184a8e8288d96c7cfc2c2eb4bf226a247641b/indra/newview/skins/default/xui/en/floater_particle_editor.xml","Not implemented or not independently verified"
"Firestorm","floater_pathfinding_characters.xml","https://github.com/FirestormViewer/phoenix-firestorm/blob/1f0184a8e8288d96c7cfc2c2eb4bf226a247641b/indra/newview/skins/default/xui/en/floater_pathfinding_characters.xml","Not implemented or not independently verified"
"Firestorm","floater_pathfinding_console.xml","https://github.com/FirestormViewer/phoenix-firestorm/blob/1f0184a8e8288d96c7cfc2c2eb4bf226a247641b/indra/newview/skins/default/xui/en/floater_pathfinding_console.xml","Not implemented or not independently verified"
"Firestorm","floater_pathfinding_linksets.xml","https://github.com/FirestormViewer/phoenix-firestorm/blob/1f0184a8e8288d96c7cfc2c2eb4bf226a247641b/indra/newview/skins/default/xui/en/floater_pathfinding_linksets.xml","Not implemented or not independently verified"
"Firestorm","floater_pay.xml","https://github.com/FirestormViewer/phoenix-firestorm/blob/1f0184a8e8288d96c7cfc2c2eb4bf226a247641b/indra/newview/skins/default/xui/en/floater_pay.xml","Not implemented or not independently verified"
"Firestorm","floater_pay_object.xml","https://github.com/FirestormViewer/phoenix-firestorm/blob/1f0184a8e8288d96c7cfc2c2eb4bf226a247641b/indra/newview/skins/default/xui/en/floater_pay_object.xml","Not implemented or not independently verified"
"Firestorm","floater_people.xml","https://github.com/FirestormViewer/phoenix-firestorm/blob/1f0184a8e8288d96c7cfc2c2eb4bf226a247641b/indra/newview/skins/default/xui/en/floater_people.xml","Not implemented or not independently verified"
"Firestorm","floater_performance.xml","https://github.com/FirestormViewer/phoenix-firestorm/blob/1f0184a8e8288d96c7cfc2c2eb4bf226a247641b/indra/newview/skins/default/xui/en/floater_performance.xml","Not implemented or not independently verified"
"Firestorm","floater_perms_default.xml","https://github.com/FirestormViewer/phoenix-firestorm/blob/1f0184a8e8288d96c7cfc2c2eb4bf226a247641b/indra/newview/skins/default/xui/en/floater_perms_default.xml","Not implemented or not independently verified"
"Firestorm","floater_phototools.xml","https://github.com/FirestormViewer/phoenix-firestorm/blob/1f0184a8e8288d96c7cfc2c2eb4bf226a247641b/indra/newview/skins/default/xui/en/floater_phototools.xml","Not implemented or not independently verified"
"Firestorm","floater_phototools_camera.xml","https://github.com/FirestormViewer/phoenix-firestorm/blob/1f0184a8e8288d96c7cfc2c2eb4bf226a247641b/indra/newview/skins/default/xui/en/floater_phototools_camera.xml","Camera"
"Firestorm","floater_pick_track.xml","https://github.com/FirestormViewer/phoenix-firestorm/blob/1f0184a8e8288d96c7cfc2c2eb4bf226a247641b/indra/newview/skins/default/xui/en/floater_pick_track.xml","Not implemented or not independently verified"
"Firestorm","floater_places.xml","https://github.com/FirestormViewer/phoenix-firestorm/blob/1f0184a8e8288d96c7cfc2c2eb4bf226a247641b/indra/newview/skins/default/xui/en/floater_places.xml","Not implemented or not independently verified"
"Firestorm","floater_preferences.xml","https://github.com/FirestormViewer/phoenix-firestorm/blob/1f0184a8e8288d96c7cfc2c2eb4bf226a247641b/indra/newview/skins/default/xui/en/floater_preferences.xml","Settings"
"Firestorm","floater_preferences_graphics_advanced.xml","https://github.com/FirestormViewer/phoenix-firestorm/blob/1f0184a8e8288d96c7cfc2c2eb4bf226a247641b/indra/newview/skins/default/xui/en/floater_preferences_graphics_advanced.xml","Settings"
"Firestorm","floater_preferences_proxy.xml","https://github.com/FirestormViewer/phoenix-firestorm/blob/1f0184a8e8288d96c7cfc2c2eb4bf226a247641b/indra/newview/skins/default/xui/en/floater_preferences_proxy.xml","Settings"
"Firestorm","floater_preferences_view_advanced.xml","https://github.com/FirestormViewer/phoenix-firestorm/blob/1f0184a8e8288d96c7cfc2c2eb4bf226a247641b/indra/newview/skins/default/xui/en/floater_preferences_view_advanced.xml","Settings"
"Firestorm","floater_preview_animation.xml","https://github.com/FirestormViewer/phoenix-firestorm/blob/1f0184a8e8288d96c7cfc2c2eb4bf226a247641b/indra/newview/skins/default/xui/en/floater_preview_animation.xml","Not implemented or not independently verified"
"Firestorm","floater_preview_gesture.xml","https://github.com/FirestormViewer/phoenix-firestorm/blob/1f0184a8e8288d96c7cfc2c2eb4bf226a247641b/indra/newview/skins/default/xui/en/floater_preview_gesture.xml","Not implemented or not independently verified"
"Firestorm","floater_preview_notecard.xml","https://github.com/FirestormViewer/phoenix-firestorm/blob/1f0184a8e8288d96c7cfc2c2eb4bf226a247641b/indra/newview/skins/default/xui/en/floater_preview_notecard.xml","Not implemented or not independently verified"
"Firestorm","floater_preview_sound.xml","https://github.com/FirestormViewer/phoenix-firestorm/blob/1f0184a8e8288d96c7cfc2c2eb4bf226a247641b/indra/newview/skins/default/xui/en/floater_preview_sound.xml","Not implemented or not independently verified"
"Firestorm","floater_preview_texture.xml","https://github.com/FirestormViewer/phoenix-firestorm/blob/1f0184a8e8288d96c7cfc2c2eb4bf226a247641b/indra/newview/skins/default/xui/en/floater_preview_texture.xml","Not implemented or not independently verified"
"Firestorm","floater_preview_trash.xml","https://github.com/FirestormViewer/phoenix-firestorm/blob/1f0184a8e8288d96c7cfc2c2eb4bf226a247641b/indra/newview/skins/default/xui/en/floater_preview_trash.xml","Not implemented or not independently verified"
"Firestorm","floater_price_for_listing.xml","https://github.com/FirestormViewer/phoenix-firestorm/blob/1f0184a8e8288d96c7cfc2c2eb4bf226a247641b/indra/newview/skins/default/xui/en/floater_price_for_listing.xml","Not implemented or not independently verified"
"Firestorm","floater_primfeed.xml","https://github.com/FirestormViewer/phoenix-firestorm/blob/1f0184a8e8288d96c7cfc2c2eb4bf226a247641b/indra/newview/skins/default/xui/en/floater_primfeed.xml","Not implemented or not independently verified"
"Firestorm","floater_profile.xml","https://github.com/FirestormViewer/phoenix-firestorm/blob/1f0184a8e8288d96c7cfc2c2eb4bf226a247641b/indra/newview/skins/default/xui/en/floater_profile.xml","Not implemented or not independently verified"
"Firestorm","floater_profile_permissions.xml","https://github.com/FirestormViewer/phoenix-firestorm/blob/1f0184a8e8288d96c7cfc2c2eb4bf226a247641b/indra/newview/skins/default/xui/en/floater_profile_permissions.xml","Not implemented or not independently verified"
"Firestorm","floater_profile_texture.xml","https://github.com/FirestormViewer/phoenix-firestorm/blob/1f0184a8e8288d96c7cfc2c2eb4bf226a247641b/indra/newview/skins/default/xui/en/floater_profile_texture.xml","Not implemented or not independently verified"
"Firestorm","floater_publish_classified.xml","https://github.com/FirestormViewer/phoenix-firestorm/blob/1f0184a8e8288d96c7cfc2c2eb4bf226a247641b/indra/newview/skins/default/xui/en/floater_publish_classified.xml","Not implemented or not independently verified"
"Firestorm","floater_quickprefs.xml","https://github.com/FirestormViewer/phoenix-firestorm/blob/1f0184a8e8288d96c7cfc2c2eb4bf226a247641b/indra/newview/skins/default/xui/en/floater_quickprefs.xml","Not implemented or not independently verified"
"Firestorm","floater_region_debug_console.xml","https://github.com/FirestormViewer/phoenix-firestorm/blob/1f0184a8e8288d96c7cfc2c2eb4bf226a247641b/indra/newview/skins/default/xui/en/floater_region_debug_console.xml","Not implemented or not independently verified"
"Firestorm","floater_region_info.xml","https://github.com/FirestormViewer/phoenix-firestorm/blob/1f0184a8e8288d96c7cfc2c2eb4bf226a247641b/indra/newview/skins/default/xui/en/floater_region_info.xml","Not implemented or not independently verified"
"Firestorm","floater_region_restart_schedule.xml","https://github.com/FirestormViewer/phoenix-firestorm/blob/1f0184a8e8288d96c7cfc2c2eb4bf226a247641b/indra/newview/skins/default/xui/en/floater_region_restart_schedule.xml","Not implemented or not independently verified"
"Firestorm","floater_region_restarting.xml","https://github.com/FirestormViewer/phoenix-firestorm/blob/1f0184a8e8288d96c7cfc2c2eb4bf226a247641b/indra/newview/skins/default/xui/en/floater_region_restarting.xml","Not implemented or not independently verified"
"Firestorm","floater_region_tracker.xml","https://github.com/FirestormViewer/phoenix-firestorm/blob/1f0184a8e8288d96c7cfc2c2eb4bf226a247641b/indra/newview/skins/default/xui/en/floater_region_tracker.xml","Not implemented or not independently verified"
"Firestorm","floater_report_abuse.xml","https://github.com/FirestormViewer/phoenix-firestorm/blob/1f0184a8e8288d96c7cfc2c2eb4bf226a247641b/indra/newview/skins/default/xui/en/floater_report_abuse.xml","Not implemented or not independently verified"
"Firestorm","floater_rlv_behaviours.xml","https://github.com/FirestormViewer/phoenix-firestorm/blob/1f0184a8e8288d96c7cfc2c2eb4bf226a247641b/indra/newview/skins/default/xui/en/floater_rlv_behaviours.xml","Not implemented or not independently verified"
"Firestorm","floater_rlv_console.xml","https://github.com/FirestormViewer/phoenix-firestorm/blob/1f0184a8e8288d96c7cfc2c2eb4bf226a247641b/indra/newview/skins/default/xui/en/floater_rlv_console.xml","Not implemented or not independently verified"
"Firestorm","floater_rlv_locks.xml","https://github.com/FirestormViewer/phoenix-firestorm/blob/1f0184a8e8288d96c7cfc2c2eb4bf226a247641b/indra/newview/skins/default/xui/en/floater_rlv_locks.xml","Not implemented or not independently verified"
"Firestorm","floater_rlv_strings.xml","https://github.com/FirestormViewer/phoenix-firestorm/blob/1f0184a8e8288d96c7cfc2c2eb4bf226a247641b/indra/newview/skins/default/xui/en/floater_rlv_strings.xml","Not implemented or not independently verified"
"Firestorm","floater_save_camera_preset.xml","https://github.com/FirestormViewer/phoenix-firestorm/blob/1f0184a8e8288d96c7cfc2c2eb4bf226a247641b/indra/newview/skins/default/xui/en/floater_save_camera_preset.xml","Camera"
"Firestorm","floater_save_pref_preset.xml","https://github.com/FirestormViewer/phoenix-firestorm/blob/1f0184a8e8288d96c7cfc2c2eb4bf226a247641b/indra/newview/skins/default/xui/en/floater_save_pref_preset.xml","Not implemented or not independently verified"
"Firestorm","floater_scene_load_stats.xml","https://github.com/FirestormViewer/phoenix-firestorm/blob/1f0184a8e8288d96c7cfc2c2eb4bf226a247641b/indra/newview/skins/default/xui/en/floater_scene_load_stats.xml","Not implemented or not independently verified"
"Firestorm","floater_script.xml","https://github.com/FirestormViewer/phoenix-firestorm/blob/1f0184a8e8288d96c7cfc2c2eb4bf226a247641b/indra/newview/skins/default/xui/en/floater_script.xml","Not implemented or not independently verified"
"Firestorm","floater_script_debug.xml","https://github.com/FirestormViewer/phoenix-firestorm/blob/1f0184a8e8288d96c7cfc2c2eb4bf226a247641b/indra/newview/skins/default/xui/en/floater_script_debug.xml","Not implemented or not independently verified"
"Firestorm","floater_script_debug_panel.xml","https://github.com/FirestormViewer/phoenix-firestorm/blob/1f0184a8e8288d96c7cfc2c2eb4bf226a247641b/indra/newview/skins/default/xui/en/floater_script_debug_panel.xml","Not implemented or not independently verified"
"Firestorm","floater_script_ed_prefs.xml","https://github.com/FirestormViewer/phoenix-firestorm/blob/1f0184a8e8288d96c7cfc2c2eb4bf226a247641b/indra/newview/skins/default/xui/en/floater_script_ed_prefs.xml","Not implemented or not independently verified"
"Firestorm","floater_script_limits.xml","https://github.com/FirestormViewer/phoenix-firestorm/blob/1f0184a8e8288d96c7cfc2c2eb4bf226a247641b/indra/newview/skins/default/xui/en/floater_script_limits.xml","Not implemented or not independently verified"
"Firestorm","floater_script_preview.xml","https://github.com/FirestormViewer/phoenix-firestorm/blob/1f0184a8e8288d96c7cfc2c2eb4bf226a247641b/indra/newview/skins/default/xui/en/floater_script_preview.xml","Not implemented or not independently verified"
"Firestorm","floater_script_queue.xml","https://github.com/FirestormViewer/phoenix-firestorm/blob/1f0184a8e8288d96c7cfc2c2eb4bf226a247641b/indra/newview/skins/default/xui/en/floater_script_queue.xml","Not implemented or not independently verified"
"Firestorm","floater_script_recover.xml","https://github.com/FirestormViewer/phoenix-firestorm/blob/1f0184a8e8288d96c7cfc2c2eb4bf226a247641b/indra/newview/skins/default/xui/en/floater_script_recover.xml","Not implemented or not independently verified"
"Firestorm","floater_search.xml","https://github.com/FirestormViewer/phoenix-firestorm/blob/1f0184a8e8288d96c7cfc2c2eb4bf226a247641b/indra/newview/skins/default/xui/en/floater_search.xml","Not implemented or not independently verified"
"Firestorm","floater_search_replace.xml","https://github.com/FirestormViewer/phoenix-firestorm/blob/1f0184a8e8288d96c7cfc2c2eb4bf226a247641b/indra/newview/skins/default/xui/en/floater_search_replace.xml","Not implemented or not independently verified"
"Firestorm","floater_select_key.xml","https://github.com/FirestormViewer/phoenix-firestorm/blob/1f0184a8e8288d96c7cfc2c2eb4bf226a247641b/indra/newview/skins/default/xui/en/floater_select_key.xml","Not implemented or not independently verified"
"Firestorm","floater_sell_land.xml","https://github.com/FirestormViewer/phoenix-firestorm/blob/1f0184a8e8288d96c7cfc2c2eb4bf226a247641b/indra/newview/skins/default/xui/en/floater_sell_land.xml","Not implemented or not independently verified"
"Firestorm","floater_settings_color.xml","https://github.com/FirestormViewer/phoenix-firestorm/blob/1f0184a8e8288d96c7cfc2c2eb4bf226a247641b/indra/newview/skins/default/xui/en/floater_settings_color.xml","Not implemented or not independently verified"
"Firestorm","floater_settings_debug.xml","https://github.com/FirestormViewer/phoenix-firestorm/blob/1f0184a8e8288d96c7cfc2c2eb4bf226a247641b/indra/newview/skins/default/xui/en/floater_settings_debug.xml","Not implemented or not independently verified"
"Firestorm","floater_settings_picker.xml","https://github.com/FirestormViewer/phoenix-firestorm/blob/1f0184a8e8288d96c7cfc2c2eb4bf226a247641b/indra/newview/skins/default/xui/en/floater_settings_picker.xml","Not implemented or not independently verified"
"Firestorm","floater_side_bar_tab.xml","https://github.com/FirestormViewer/phoenix-firestorm/blob/1f0184a8e8288d96c7cfc2c2eb4bf226a247641b/indra/newview/skins/default/xui/en/floater_side_bar_tab.xml","Not implemented or not independently verified"
"Firestorm","floater_simple_snapshot.xml","https://github.com/FirestormViewer/phoenix-firestorm/blob/1f0184a8e8288d96c7cfc2c2eb4bf226a247641b/indra/newview/skins/default/xui/en/floater_simple_snapshot.xml","Snapshot (local PNG only)"
"Firestorm","floater_snapshot.xml","https://github.com/FirestormViewer/phoenix-firestorm/blob/1f0184a8e8288d96c7cfc2c2eb4bf226a247641b/indra/newview/skins/default/xui/en/floater_snapshot.xml","Snapshot (local PNG only)"
"Firestorm","floater_snapshot_guide_settings.xml","https://github.com/FirestormViewer/phoenix-firestorm/blob/1f0184a8e8288d96c7cfc2c2eb4bf226a247641b/indra/newview/skins/default/xui/en/floater_snapshot_guide_settings.xml","Snapshot (local PNG only)"
"Firestorm","floater_sound_preview.xml","https://github.com/FirestormViewer/phoenix-firestorm/blob/1f0184a8e8288d96c7cfc2c2eb4bf226a247641b/indra/newview/skins/default/xui/en/floater_sound_preview.xml","Not implemented or not independently verified"
"Firestorm","floater_spellcheck.xml","https://github.com/FirestormViewer/phoenix-firestorm/blob/1f0184a8e8288d96c7cfc2c2eb4bf226a247641b/indra/newview/skins/default/xui/en/floater_spellcheck.xml","Not implemented or not independently verified"
"Firestorm","floater_spellcheck_import.xml","https://github.com/FirestormViewer/phoenix-firestorm/blob/1f0184a8e8288d96c7cfc2c2eb4bf226a247641b/indra/newview/skins/default/xui/en/floater_spellcheck_import.xml","Not implemented or not independently verified"
"Firestorm","floater_stats.xml","https://github.com/FirestormViewer/phoenix-firestorm/blob/1f0184a8e8288d96c7cfc2c2eb4bf226a247641b/indra/newview/skins/default/xui/en/floater_stats.xml","Not implemented or not independently verified"
"Firestorm","floater_sys_well.xml","https://github.com/FirestormViewer/phoenix-firestorm/blob/1f0184a8e8288d96c7cfc2c2eb4bf226a247641b/indra/newview/skins/default/xui/en/floater_sys_well.xml","Not implemented or not independently verified"
"Firestorm","floater_task_properties.xml","https://github.com/FirestormViewer/phoenix-firestorm/blob/1f0184a8e8288d96c7cfc2c2eb4bf226a247641b/indra/newview/skins/default/xui/en/floater_task_properties.xml","Not implemented or not independently verified"
"Firestorm","floater_telehub.xml","https://github.com/FirestormViewer/phoenix-firestorm/blob/1f0184a8e8288d96c7cfc2c2eb4bf226a247641b/indra/newview/skins/default/xui/en/floater_telehub.xml","Not implemented or not independently verified"
"Firestorm","floater_test_button.xml","https://github.com/FirestormViewer/phoenix-firestorm/blob/1f0184a8e8288d96c7cfc2c2eb4bf226a247641b/indra/newview/skins/default/xui/en/floater_test_button.xml","Not implemented or not independently verified"
"Firestorm","floater_test_checkbox.xml","https://github.com/FirestormViewer/phoenix-firestorm/blob/1f0184a8e8288d96c7cfc2c2eb4bf226a247641b/indra/newview/skins/default/xui/en/floater_test_checkbox.xml","Not implemented or not independently verified"
"Firestorm","floater_test_combobox.xml","https://github.com/FirestormViewer/phoenix-firestorm/blob/1f0184a8e8288d96c7cfc2c2eb4bf226a247641b/indra/newview/skins/default/xui/en/floater_test_combobox.xml","Not implemented or not independently verified"
"Firestorm","floater_test_inspectors.xml","https://github.com/FirestormViewer/phoenix-firestorm/blob/1f0184a8e8288d96c7cfc2c2eb4bf226a247641b/indra/newview/skins/default/xui/en/floater_test_inspectors.xml","Not implemented or not independently verified"
"Firestorm","floater_test_layout.xml","https://github.com/FirestormViewer/phoenix-firestorm/blob/1f0184a8e8288d96c7cfc2c2eb4bf226a247641b/indra/newview/skins/default/xui/en/floater_test_layout.xml","Not implemented or not independently verified"
"Firestorm","floater_test_layout_stacks.xml","https://github.com/FirestormViewer/phoenix-firestorm/blob/1f0184a8e8288d96c7cfc2c2eb4bf226a247641b/indra/newview/skins/default/xui/en/floater_test_layout_stacks.xml","Not implemented or not independently verified"
"Firestorm","floater_test_line_editor.xml","https://github.com/FirestormViewer/phoenix-firestorm/blob/1f0184a8e8288d96c7cfc2c2eb4bf226a247641b/indra/newview/skins/default/xui/en/floater_test_line_editor.xml","Not implemented or not independently verified"
"Firestorm","floater_test_list_view.xml","https://github.com/FirestormViewer/phoenix-firestorm/blob/1f0184a8e8288d96c7cfc2c2eb4bf226a247641b/indra/newview/skins/default/xui/en/floater_test_list_view.xml","Not implemented or not independently verified"
"Firestorm","floater_test_navigation_bar.xml","https://github.com/FirestormViewer/phoenix-firestorm/blob/1f0184a8e8288d96c7cfc2c2eb4bf226a247641b/indra/newview/skins/default/xui/en/floater_test_navigation_bar.xml","Not implemented or not independently verified"
"Firestorm","floater_test_radiogroup.xml","https://github.com/FirestormViewer/phoenix-firestorm/blob/1f0184a8e8288d96c7cfc2c2eb4bf226a247641b/indra/newview/skins/default/xui/en/floater_test_radiogroup.xml","Groups (profile/members/roles/chat; management incomplete)"
"Firestorm","floater_test_slapp.xml","https://github.com/FirestormViewer/phoenix-firestorm/blob/1f0184a8e8288d96c7cfc2c2eb4bf226a247641b/indra/newview/skins/default/xui/en/floater_test_slapp.xml","Not implemented or not independently verified"
"Firestorm","floater_test_slider.xml","https://github.com/FirestormViewer/phoenix-firestorm/blob/1f0184a8e8288d96c7cfc2c2eb4bf226a247641b/indra/newview/skins/default/xui/en/floater_test_slider.xml","Not implemented or not independently verified"
"Firestorm","floater_test_spinner.xml","https://github.com/FirestormViewer/phoenix-firestorm/blob/1f0184a8e8288d96c7cfc2c2eb4bf226a247641b/indra/newview/skins/default/xui/en/floater_test_spinner.xml","Not implemented or not independently verified"
"Firestorm","floater_test_text_editor.xml","https://github.com/FirestormViewer/phoenix-firestorm/blob/1f0184a8e8288d96c7cfc2c2eb4bf226a247641b/indra/newview/skins/default/xui/en/floater_test_text_editor.xml","Not implemented or not independently verified"
"Firestorm","floater_test_text_vertical_aligment.xml","https://github.com/FirestormViewer/phoenix-firestorm/blob/1f0184a8e8288d96c7cfc2c2eb4bf226a247641b/indra/newview/skins/default/xui/en/floater_test_text_vertical_aligment.xml","Not implemented or not independently verified"
"Firestorm","floater_test_textbox.xml","https://github.com/FirestormViewer/phoenix-firestorm/blob/1f0184a8e8288d96c7cfc2c2eb4bf226a247641b/indra/newview/skins/default/xui/en/floater_test_textbox.xml","Not implemented or not independently verified"
"Firestorm","floater_test_toolbar.xml","https://github.com/FirestormViewer/phoenix-firestorm/blob/1f0184a8e8288d96c7cfc2c2eb4bf226a247641b/indra/newview/skins/default/xui/en/floater_test_toolbar.xml","Not implemented or not independently verified"
"Firestorm","floater_test_widgets.xml","https://github.com/FirestormViewer/phoenix-firestorm/blob/1f0184a8e8288d96c7cfc2c2eb4bf226a247641b/indra/newview/skins/default/xui/en/floater_test_widgets.xml","Not implemented or not independently verified"
"Firestorm","floater_texture_ctrl.xml","https://github.com/FirestormViewer/phoenix-firestorm/blob/1f0184a8e8288d96c7cfc2c2eb4bf226a247641b/indra/newview/skins/default/xui/en/floater_texture_ctrl.xml","Not implemented or not independently verified"
"Firestorm","floater_tools.xml","https://github.com/FirestormViewer/phoenix-firestorm/blob/1f0184a8e8288d96c7cfc2c2eb4bf226a247641b/indra/newview/skins/default/xui/en/floater_tools.xml","Not implemented or not independently verified"
"Firestorm","floater_top_objects.xml","https://github.com/FirestormViewer/phoenix-firestorm/blob/1f0184a8e8288d96c7cfc2c2eb4bf226a247641b/indra/newview/skins/default/xui/en/floater_top_objects.xml","Not implemented or not independently verified"
"Firestorm","floater_tos.xml","https://github.com/FirestormViewer/phoenix-firestorm/blob/1f0184a8e8288d96c7cfc2c2eb4bf226a247641b/indra/newview/skins/default/xui/en/floater_tos.xml","Not implemented or not independently verified"
"Firestorm","floater_toybox.xml","https://github.com/FirestormViewer/phoenix-firestorm/blob/1f0184a8e8288d96c7cfc2c2eb4bf226a247641b/indra/newview/skins/default/xui/en/floater_toybox.xml","Not implemented or not independently verified"
"Firestorm","floater_translation_settings.xml","https://github.com/FirestormViewer/phoenix-firestorm/blob/1f0184a8e8288d96c7cfc2c2eb4bf226a247641b/indra/newview/skins/default/xui/en/floater_translation_settings.xml","Not implemented or not independently verified"
"Firestorm","floater_ui_preview.xml","https://github.com/FirestormViewer/phoenix-firestorm/blob/1f0184a8e8288d96c7cfc2c2eb4bf226a247641b/indra/newview/skins/default/xui/en/floater_ui_preview.xml","Not implemented or not independently verified"
"Firestorm","floater_url_entry.xml","https://github.com/FirestormViewer/phoenix-firestorm/blob/1f0184a8e8288d96c7cfc2c2eb4bf226a247641b/indra/newview/skins/default/xui/en/floater_url_entry.xml","Not implemented or not independently verified"
"Firestorm","floater_vj_local_mesh.xml","https://github.com/FirestormViewer/phoenix-firestorm/blob/1f0184a8e8288d96c7cfc2c2eb4bf226a247641b/indra/newview/skins/default/xui/en/floater_vj_local_mesh.xml","Not implemented or not independently verified"
"Firestorm","floater_voice_chat_volume.xml","https://github.com/FirestormViewer/phoenix-firestorm/blob/1f0184a8e8288d96c7cfc2c2eb4bf226a247641b/indra/newview/skins/default/xui/en/floater_voice_chat_volume.xml","Not implemented or not independently verified"
"Firestorm","floater_voice_volume.xml","https://github.com/FirestormViewer/phoenix-firestorm/blob/1f0184a8e8288d96c7cfc2c2eb4bf226a247641b/indra/newview/skins/default/xui/en/floater_voice_volume.xml","Not implemented or not independently verified"
"Firestorm","floater_web_content.xml","https://github.com/FirestormViewer/phoenix-firestorm/blob/1f0184a8e8288d96c7cfc2c2eb4bf226a247641b/indra/newview/skins/default/xui/en/floater_web_content.xml","Not implemented or not independently verified"
"Firestorm","floater_web_profile.xml","https://github.com/FirestormViewer/phoenix-firestorm/blob/1f0184a8e8288d96c7cfc2c2eb4bf226a247641b/indra/newview/skins/default/xui/en/floater_web_profile.xml","Not implemented or not independently verified"
"Firestorm","floater_whitelist.xml","https://github.com/FirestormViewer/phoenix-firestorm/blob/1f0184a8e8288d96c7cfc2c2eb4bf226a247641b/indra/newview/skins/default/xui/en/floater_whitelist.xml","Not implemented or not independently verified"
"Firestorm","floater_whitelist_entry.xml","https://github.com/FirestormViewer/phoenix-firestorm/blob/1f0184a8e8288d96c7cfc2c2eb4bf226a247641b/indra/newview/skins/default/xui/en/floater_whitelist_entry.xml","Not implemented or not independently verified"
"Firestorm","floater_window_size.xml","https://github.com/FirestormViewer/phoenix-firestorm/blob/1f0184a8e8288d96c7cfc2c2eb4bf226a247641b/indra/newview/skins/default/xui/en/floater_window_size.xml","Not implemented or not independently verified"
"Firestorm","floater_world_map.xml","https://github.com/FirestormViewer/phoenix-firestorm/blob/1f0184a8e8288d96c7cfc2c2eb4bf226a247641b/indra/newview/skins/default/xui/en/floater_world_map.xml","Map"
"Firestorm","panel_group_bulk_ban.xml","https://github.com/FirestormViewer/phoenix-firestorm/blob/1f0184a8e8288d96c7cfc2c2eb4bf226a247641b/indra/newview/skins/default/xui/en/panel_group_bulk_ban.xml","Groups (profile/members/roles/chat; management incomplete)"
"Firestorm","panel_group_creation_sidetray.xml","https://github.com/FirestormViewer/phoenix-firestorm/blob/1f0184a8e8288d96c7cfc2c2eb4bf226a247641b/indra/newview/skins/default/xui/en/panel_group_creation_sidetray.xml","Groups (profile/members/roles/chat; management incomplete)"
"Firestorm","panel_group_general.xml","https://github.com/FirestormViewer/phoenix-firestorm/blob/1f0184a8e8288d96c7cfc2c2eb4bf226a247641b/indra/newview/skins/default/xui/en/panel_group_general.xml","Groups (profile/members/roles/chat; management incomplete)"
"Firestorm","panel_group_info_sidetray.xml","https://github.com/FirestormViewer/phoenix-firestorm/blob/1f0184a8e8288d96c7cfc2c2eb4bf226a247641b/indra/newview/skins/default/xui/en/panel_group_info_sidetray.xml","Groups (profile/members/roles/chat; management incomplete)"
"Firestorm","panel_group_invite.xml","https://github.com/FirestormViewer/phoenix-firestorm/blob/1f0184a8e8288d96c7cfc2c2eb4bf226a247641b/indra/newview/skins/default/xui/en/panel_group_invite.xml","Groups (profile/members/roles/chat; management incomplete)"
"Firestorm","panel_group_land_money.xml","https://github.com/FirestormViewer/phoenix-firestorm/blob/1f0184a8e8288d96c7cfc2c2eb4bf226a247641b/indra/newview/skins/default/xui/en/panel_group_land_money.xml","Groups (profile/members/roles/chat; management incomplete)"
"Firestorm","panel_group_list_item.xml","https://github.com/FirestormViewer/phoenix-firestorm/blob/1f0184a8e8288d96c7cfc2c2eb4bf226a247641b/indra/newview/skins/default/xui/en/panel_group_list_item.xml","Groups (profile/members/roles/chat; management incomplete)"
"Firestorm","panel_group_list_item_short.xml","https://github.com/FirestormViewer/phoenix-firestorm/blob/1f0184a8e8288d96c7cfc2c2eb4bf226a247641b/indra/newview/skins/default/xui/en/panel_group_list_item_short.xml","Groups (profile/members/roles/chat; management incomplete)"
"Firestorm","panel_group_list_separator.xml","https://github.com/FirestormViewer/phoenix-firestorm/blob/1f0184a8e8288d96c7cfc2c2eb4bf226a247641b/indra/newview/skins/default/xui/en/panel_group_list_separator.xml","Groups (profile/members/roles/chat; management incomplete)"
"Firestorm","panel_group_notices.xml","https://github.com/FirestormViewer/phoenix-firestorm/blob/1f0184a8e8288d96c7cfc2c2eb4bf226a247641b/indra/newview/skins/default/xui/en/panel_group_notices.xml","Groups (profile/members/roles/chat; management incomplete)"
"Firestorm","panel_group_notify.xml","https://github.com/FirestormViewer/phoenix-firestorm/blob/1f0184a8e8288d96c7cfc2c2eb4bf226a247641b/indra/newview/skins/default/xui/en/panel_group_notify.xml","Groups (profile/members/roles/chat; management incomplete)"
"Firestorm","panel_group_roles.xml","https://github.com/FirestormViewer/phoenix-firestorm/blob/1f0184a8e8288d96c7cfc2c2eb4bf226a247641b/indra/newview/skins/default/xui/en/panel_group_roles.xml","Groups (profile/members/roles/chat; management incomplete)"
"Firestorm","panel_preferences_UI.xml","https://github.com/FirestormViewer/phoenix-firestorm/blob/1f0184a8e8288d96c7cfc2c2eb4bf226a247641b/indra/newview/skins/default/xui/en/panel_preferences_UI.xml","Settings"
"Firestorm","panel_preferences_advanced.xml","https://github.com/FirestormViewer/phoenix-firestorm/blob/1f0184a8e8288d96c7cfc2c2eb4bf226a247641b/indra/newview/skins/default/xui/en/panel_preferences_advanced.xml","Settings"
"Firestorm","panel_preferences_alerts.xml","https://github.com/FirestormViewer/phoenix-firestorm/blob/1f0184a8e8288d96c7cfc2c2eb4bf226a247641b/indra/newview/skins/default/xui/en/panel_preferences_alerts.xml","Settings"
"Firestorm","panel_preferences_backup.xml","https://github.com/FirestormViewer/phoenix-firestorm/blob/1f0184a8e8288d96c7cfc2c2eb4bf226a247641b/indra/newview/skins/default/xui/en/panel_preferences_backup.xml","Settings"
"Firestorm","panel_preferences_chat.xml","https://github.com/FirestormViewer/phoenix-firestorm/blob/1f0184a8e8288d96c7cfc2c2eb4bf226a247641b/indra/newview/skins/default/xui/en/panel_preferences_chat.xml","Settings"
"Firestorm","panel_preferences_colors.xml","https://github.com/FirestormViewer/phoenix-firestorm/blob/1f0184a8e8288d96c7cfc2c2eb4bf226a247641b/indra/newview/skins/default/xui/en/panel_preferences_colors.xml","Settings"
"Firestorm","panel_preferences_controls.xml","https://github.com/FirestormViewer/phoenix-firestorm/blob/1f0184a8e8288d96c7cfc2c2eb4bf226a247641b/indra/newview/skins/default/xui/en/panel_preferences_controls.xml","Settings"
"Firestorm","panel_preferences_crashreports.xml","https://github.com/FirestormViewer/phoenix-firestorm/blob/1f0184a8e8288d96c7cfc2c2eb4bf226a247641b/indra/newview/skins/default/xui/en/panel_preferences_crashreports.xml","Settings"
"Firestorm","panel_preferences_firestorm.xml","https://github.com/FirestormViewer/phoenix-firestorm/blob/1f0184a8e8288d96c7cfc2c2eb4bf226a247641b/indra/newview/skins/default/xui/en/panel_preferences_firestorm.xml","Settings"
"Firestorm","panel_preferences_general.xml","https://github.com/FirestormViewer/phoenix-firestorm/blob/1f0184a8e8288d96c7cfc2c2eb4bf226a247641b/indra/newview/skins/default/xui/en/panel_preferences_general.xml","Settings"
"Firestorm","panel_preferences_graphics1.xml","https://github.com/FirestormViewer/phoenix-firestorm/blob/1f0184a8e8288d96c7cfc2c2eb4bf226a247641b/indra/newview/skins/default/xui/en/panel_preferences_graphics1.xml","Settings"
"Firestorm","panel_preferences_move.xml","https://github.com/FirestormViewer/phoenix-firestorm/blob/1f0184a8e8288d96c7cfc2c2eb4bf226a247641b/indra/newview/skins/default/xui/en/panel_preferences_move.xml","Settings"
"Firestorm","panel_preferences_opensim.xml","https://github.com/FirestormViewer/phoenix-firestorm/blob/1f0184a8e8288d96c7cfc2c2eb4bf226a247641b/indra/newview/skins/default/xui/en/panel_preferences_opensim.xml","Settings"
"Firestorm","panel_preferences_privacy.xml","https://github.com/FirestormViewer/phoenix-firestorm/blob/1f0184a8e8288d96c7cfc2c2eb4bf226a247641b/indra/newview/skins/default/xui/en/panel_preferences_privacy.xml","Settings"
"Firestorm","panel_preferences_setup.xml","https://github.com/FirestormViewer/phoenix-firestorm/blob/1f0184a8e8288d96c7cfc2c2eb4bf226a247641b/indra/newview/skins/default/xui/en/panel_preferences_setup.xml","Settings"
"Firestorm","panel_preferences_skins.xml","https://github.com/FirestormViewer/phoenix-firestorm/blob/1f0184a8e8288d96c7cfc2c2eb4bf226a247641b/indra/newview/skins/default/xui/en/panel_preferences_skins.xml","Settings"
"Firestorm","panel_preferences_sound.xml","https://github.com/FirestormViewer/phoenix-firestorm/blob/1f0184a8e8288d96c7cfc2c2eb4bf226a247641b/indra/newview/skins/default/xui/en/panel_preferences_sound.xml","Settings"
"Firestorm","panel_preferences_uploads.xml","https://github.com/FirestormViewer/phoenix-firestorm/blob/1f0184a8e8288d96c7cfc2c2eb4bf226a247641b/indra/newview/skins/default/xui/en/panel_preferences_uploads.xml","Settings"
"Second Life","floater_360capture.xml","https://github.com/secondlife/viewer/blob/1411420f0b7df0112c3140123a64d6f9202891ba/indra/newview/skins/default/xui/en/floater_360capture.xml","Not implemented or not independently verified"
"Second Life","floater_aaa.xml","https://github.com/secondlife/viewer/blob/1411420f0b7df0112c3140123a64d6f9202891ba/indra/newview/skins/default/xui/en/floater_aaa.xml","Not implemented or not independently verified"
"Second Life","floater_about.xml","https://github.com/secondlife/viewer/blob/1411420f0b7df0112c3140123a64d6f9202891ba/indra/newview/skins/default/xui/en/floater_about.xml","Not implemented or not independently verified"
"Second Life","floater_about_land.xml","https://github.com/secondlife/viewer/blob/1411420f0b7df0112c3140123a64d6f9202891ba/indra/newview/skins/default/xui/en/floater_about_land.xml","Parcel (inspection only)"
"Second Life","floater_activeim.xml","https://github.com/secondlife/viewer/blob/1411420f0b7df0112c3140123a64d6f9202891ba/indra/newview/skins/default/xui/en/floater_activeim.xml","Not implemented or not independently verified"
"Second Life","floater_add_payment_method.xml","https://github.com/secondlife/viewer/blob/1411420f0b7df0112c3140123a64d6f9202891ba/indra/newview/skins/default/xui/en/floater_add_payment_method.xml","Not implemented or not independently verified"
"Second Life","floater_adjust_environment.xml","https://github.com/secondlife/viewer/blob/1411420f0b7df0112c3140123a64d6f9202891ba/indra/newview/skins/default/xui/en/floater_adjust_environment.xml","Environment (local preview/region)"
"Second Life","floater_animation_anim_preview.xml","https://github.com/secondlife/viewer/blob/1411420f0b7df0112c3140123a64d6f9202891ba/indra/newview/skins/default/xui/en/floater_animation_anim_preview.xml","Not implemented or not independently verified"
"Second Life","floater_animation_bvh_preview.xml","https://github.com/secondlife/viewer/blob/1411420f0b7df0112c3140123a64d6f9202891ba/indra/newview/skins/default/xui/en/floater_animation_bvh_preview.xml","Not implemented or not independently verified"
"Second Life","floater_associate_listing.xml","https://github.com/secondlife/viewer/blob/1411420f0b7df0112c3140123a64d6f9202891ba/indra/newview/skins/default/xui/en/floater_associate_listing.xml","Not implemented or not independently verified"
"Second Life","floater_auction.xml","https://github.com/secondlife/viewer/blob/1411420f0b7df0112c3140123a64d6f9202891ba/indra/newview/skins/default/xui/en/floater_auction.xml","Not implemented or not independently verified"
"Second Life","floater_autoreplace.xml","https://github.com/secondlife/viewer/blob/1411420f0b7df0112c3140123a64d6f9202891ba/indra/newview/skins/default/xui/en/floater_autoreplace.xml","Not implemented or not independently verified"
"Second Life","floater_avatar.xml","https://github.com/secondlife/viewer/blob/1411420f0b7df0112c3140123a64d6f9202891ba/indra/newview/skins/default/xui/en/floater_avatar.xml","Avatar (rendering; editor incomplete)"
"Second Life","floater_avatar_picker.xml","https://github.com/secondlife/viewer/blob/1411420f0b7df0112c3140123a64d6f9202891ba/indra/newview/skins/default/xui/en/floater_avatar_picker.xml","Avatar (rendering; editor incomplete)"
"Second Life","floater_avatar_render_settings.xml","https://github.com/secondlife/viewer/blob/1411420f0b7df0112c3140123a64d6f9202891ba/indra/newview/skins/default/xui/en/floater_avatar_render_settings.xml","Avatar (rendering; editor incomplete)"
"Second Life","floater_avatar_textures.xml","https://github.com/secondlife/viewer/blob/1411420f0b7df0112c3140123a64d6f9202891ba/indra/newview/skins/default/xui/en/floater_avatar_textures.xml","Avatar (rendering; editor incomplete)"
"Second Life","floater_avatar_welcome_pack.xml","https://github.com/secondlife/viewer/blob/1411420f0b7df0112c3140123a64d6f9202891ba/indra/newview/skins/default/xui/en/floater_avatar_welcome_pack.xml","Avatar (rendering; editor incomplete)"
"Second Life","floater_ban_duration.xml","https://github.com/secondlife/viewer/blob/1411420f0b7df0112c3140123a64d6f9202891ba/indra/newview/skins/default/xui/en/floater_ban_duration.xml","Not implemented or not independently verified"
"Second Life","floater_beacons.xml","https://github.com/secondlife/viewer/blob/1411420f0b7df0112c3140123a64d6f9202891ba/indra/newview/skins/default/xui/en/floater_beacons.xml","Not implemented or not independently verified"
"Second Life","floater_build_options.xml","https://github.com/secondlife/viewer/blob/1411420f0b7df0112c3140123a64d6f9202891ba/indra/newview/skins/default/xui/en/floater_build_options.xml","Not implemented or not independently verified"
"Second Life","floater_bulk_perms.xml","https://github.com/secondlife/viewer/blob/1411420f0b7df0112c3140123a64d6f9202891ba/indra/newview/skins/default/xui/en/floater_bulk_perms.xml","Not implemented or not independently verified"
"Second Life","floater_bulk_upload.xml","https://github.com/secondlife/viewer/blob/1411420f0b7df0112c3140123a64d6f9202891ba/indra/newview/skins/default/xui/en/floater_bulk_upload.xml","Not implemented or not independently verified"
"Second Life","floater_bumps.xml","https://github.com/secondlife/viewer/blob/1411420f0b7df0112c3140123a64d6f9202891ba/indra/newview/skins/default/xui/en/floater_bumps.xml","Not implemented or not independently verified"
"Second Life","floater_buy_contents.xml","https://github.com/secondlife/viewer/blob/1411420f0b7df0112c3140123a64d6f9202891ba/indra/newview/skins/default/xui/en/floater_buy_contents.xml","Not implemented or not independently verified"
"Second Life","floater_buy_currency.xml","https://github.com/secondlife/viewer/blob/1411420f0b7df0112c3140123a64d6f9202891ba/indra/newview/skins/default/xui/en/floater_buy_currency.xml","Not implemented or not independently verified"
"Second Life","floater_buy_currency_html.xml","https://github.com/secondlife/viewer/blob/1411420f0b7df0112c3140123a64d6f9202891ba/indra/newview/skins/default/xui/en/floater_buy_currency_html.xml","Not implemented or not independently verified"
"Second Life","floater_buy_land.xml","https://github.com/secondlife/viewer/blob/1411420f0b7df0112c3140123a64d6f9202891ba/indra/newview/skins/default/xui/en/floater_buy_land.xml","Not implemented or not independently verified"
"Second Life","floater_buy_object.xml","https://github.com/secondlife/viewer/blob/1411420f0b7df0112c3140123a64d6f9202891ba/indra/newview/skins/default/xui/en/floater_buy_object.xml","Not implemented or not independently verified"
"Second Life","floater_camera.xml","https://github.com/secondlife/viewer/blob/1411420f0b7df0112c3140123a64d6f9202891ba/indra/newview/skins/default/xui/en/floater_camera.xml","Camera"
"Second Life","floater_camera_presets.xml","https://github.com/secondlife/viewer/blob/1411420f0b7df0112c3140123a64d6f9202891ba/indra/newview/skins/default/xui/en/floater_camera_presets.xml","Camera"
"Second Life","floater_change_item_thumbnail.xml","https://github.com/secondlife/viewer/blob/1411420f0b7df0112c3140123a64d6f9202891ba/indra/newview/skins/default/xui/en/floater_change_item_thumbnail.xml","Not implemented or not independently verified"
"Second Life","floater_chat_mention_picker.xml","https://github.com/secondlife/viewer/blob/1411420f0b7df0112c3140123a64d6f9202891ba/indra/newview/skins/default/xui/en/floater_chat_mention_picker.xml","Not implemented or not independently verified"
"Second Life","floater_choose_group.xml","https://github.com/secondlife/viewer/blob/1411420f0b7df0112c3140123a64d6f9202891ba/indra/newview/skins/default/xui/en/floater_choose_group.xml","Groups (profile/members/roles/chat; management incomplete)"
"Second Life","floater_classified.xml","https://github.com/secondlife/viewer/blob/1411420f0b7df0112c3140123a64d6f9202891ba/indra/newview/skins/default/xui/en/floater_classified.xml","Not implemented or not independently verified"
"Second Life","floater_color_picker.xml","https://github.com/secondlife/viewer/blob/1411420f0b7df0112c3140123a64d6f9202891ba/indra/newview/skins/default/xui/en/floater_color_picker.xml","Not implemented or not independently verified"
"Second Life","floater_combobox_ok_cancel.xml","https://github.com/secondlife/viewer/blob/1411420f0b7df0112c3140123a64d6f9202891ba/indra/newview/skins/default/xui/en/floater_combobox_ok_cancel.xml","Not implemented or not independently verified"
"Second Life","floater_conversation_log.xml","https://github.com/secondlife/viewer/blob/1411420f0b7df0112c3140123a64d6f9202891ba/indra/newview/skins/default/xui/en/floater_conversation_log.xml","Not implemented or not independently verified"
"Second Life","floater_conversation_preview.xml","https://github.com/secondlife/viewer/blob/1411420f0b7df0112c3140123a64d6f9202891ba/indra/newview/skins/default/xui/en/floater_conversation_preview.xml","Not implemented or not independently verified"
"Second Life","floater_create_landmark.xml","https://github.com/secondlife/viewer/blob/1411420f0b7df0112c3140123a64d6f9202891ba/indra/newview/skins/default/xui/en/floater_create_landmark.xml","Not implemented or not independently verified"
"Second Life","floater_critical.xml","https://github.com/secondlife/viewer/blob/1411420f0b7df0112c3140123a64d6f9202891ba/indra/newview/skins/default/xui/en/floater_critical.xml","Not implemented or not independently verified"
"Second Life","floater_delete_pref_preset.xml","https://github.com/secondlife/viewer/blob/1411420f0b7df0112c3140123a64d6f9202891ba/indra/newview/skins/default/xui/en/floater_delete_pref_preset.xml","Not implemented or not independently verified"
"Second Life","floater_destinations.xml","https://github.com/secondlife/viewer/blob/1411420f0b7df0112c3140123a64d6f9202891ba/indra/newview/skins/default/xui/en/floater_destinations.xml","Not implemented or not independently verified"
"Second Life","floater_directory.xml","https://github.com/secondlife/viewer/blob/1411420f0b7df0112c3140123a64d6f9202891ba/indra/newview/skins/default/xui/en/floater_directory.xml","Not implemented or not independently verified"
"Second Life","floater_display_name.xml","https://github.com/secondlife/viewer/blob/1411420f0b7df0112c3140123a64d6f9202891ba/indra/newview/skins/default/xui/en/floater_display_name.xml","Not implemented or not independently verified"
"Second Life","floater_edit_ext_day_cycle.xml","https://github.com/secondlife/viewer/blob/1411420f0b7df0112c3140123a64d6f9202891ba/indra/newview/skins/default/xui/en/floater_edit_ext_day_cycle.xml","Not implemented or not independently verified"
"Second Life","floater_edit_hover_height.xml","https://github.com/secondlife/viewer/blob/1411420f0b7df0112c3140123a64d6f9202891ba/indra/newview/skins/default/xui/en/floater_edit_hover_height.xml","Not implemented or not independently verified"
"Second Life","floater_emoji_complete.xml","https://github.com/secondlife/viewer/blob/1411420f0b7df0112c3140123a64d6f9202891ba/indra/newview/skins/default/xui/en/floater_emoji_complete.xml","Not implemented or not independently verified"
"Second Life","floater_emoji_picker.xml","https://github.com/secondlife/viewer/blob/1411420f0b7df0112c3140123a64d6f9202891ba/indra/newview/skins/default/xui/en/floater_emoji_picker.xml","Not implemented or not independently verified"
"Second Life","floater_event.xml","https://github.com/secondlife/viewer/blob/1411420f0b7df0112c3140123a64d6f9202891ba/indra/newview/skins/default/xui/en/floater_event.xml","Not implemented or not independently verified"
"Second Life","floater_experience_search.xml","https://github.com/secondlife/viewer/blob/1411420f0b7df0112c3140123a64d6f9202891ba/indra/newview/skins/default/xui/en/floater_experience_search.xml","Not implemented or not independently verified"
"Second Life","floater_experienceprofile.xml","https://github.com/secondlife/viewer/blob/1411420f0b7df0112c3140123a64d6f9202891ba/indra/newview/skins/default/xui/en/floater_experienceprofile.xml","Not implemented or not independently verified"
"Second Life","floater_experiences.xml","https://github.com/secondlife/viewer/blob/1411420f0b7df0112c3140123a64d6f9202891ba/indra/newview/skins/default/xui/en/floater_experiences.xml","Not implemented or not independently verified"
"Second Life","floater_fast_timers.xml","https://github.com/secondlife/viewer/blob/1411420f0b7df0112c3140123a64d6f9202891ba/indra/newview/skins/default/xui/en/floater_fast_timers.xml","Not implemented or not independently verified"
"Second Life","floater_fbc_web.xml","https://github.com/secondlife/viewer/blob/1411420f0b7df0112c3140123a64d6f9202891ba/indra/newview/skins/default/xui/en/floater_fbc_web.xml","Not implemented or not independently verified"
"Second Life","floater_fixedenvironment.xml","https://github.com/secondlife/viewer/blob/1411420f0b7df0112c3140123a64d6f9202891ba/indra/newview/skins/default/xui/en/floater_fixedenvironment.xml","Environment (local preview/region)"
"Second Life","floater_font_test.xml","https://github.com/secondlife/viewer/blob/1411420f0b7df0112c3140123a64d6f9202891ba/indra/newview/skins/default/xui/en/floater_font_test.xml","Not implemented or not independently verified"
"Second Life","floater_forget_user.xml","https://github.com/secondlife/viewer/blob/1411420f0b7df0112c3140123a64d6f9202891ba/indra/newview/skins/default/xui/en/floater_forget_user.xml","Not implemented or not independently verified"
"Second Life","floater_gesture.xml","https://github.com/secondlife/viewer/blob/1411420f0b7df0112c3140123a64d6f9202891ba/indra/newview/skins/default/xui/en/floater_gesture.xml","Not implemented or not independently verified"
"Second Life","floater_gesture_autocomplete_picker.xml","https://github.com/secondlife/viewer/blob/1411420f0b7df0112c3140123a64d6f9202891ba/indra/newview/skins/default/xui/en/floater_gesture_autocomplete_picker.xml","Not implemented or not independently verified"
"Second Life","floater_gltf_asset_editor.xml","https://github.com/secondlife/viewer/blob/1411420f0b7df0112c3140123a64d6f9202891ba/indra/newview/skins/default/xui/en/floater_gltf_asset_editor.xml","Not implemented or not independently verified"
"Second Life","floater_god_tools.xml","https://github.com/secondlife/viewer/blob/1411420f0b7df0112c3140123a64d6f9202891ba/indra/newview/skins/default/xui/en/floater_god_tools.xml","Not implemented or not independently verified"
"Second Life","floater_goto_line.xml","https://github.com/secondlife/viewer/blob/1411420f0b7df0112c3140123a64d6f9202891ba/indra/newview/skins/default/xui/en/floater_goto_line.xml","Not implemented or not independently verified"
"Second Life","floater_grid_status.xml","https://github.com/secondlife/viewer/blob/1411420f0b7df0112c3140123a64d6f9202891ba/indra/newview/skins/default/xui/en/floater_grid_status.xml","Not implemented or not independently verified"
"Second Life","floater_help_browser.xml","https://github.com/secondlife/viewer/blob/1411420f0b7df0112c3140123a64d6f9202891ba/indra/newview/skins/default/xui/en/floater_help_browser.xml","Not implemented or not independently verified"
"Second Life","floater_hud.xml","https://github.com/secondlife/viewer/blob/1411420f0b7df0112c3140123a64d6f9202891ba/indra/newview/skins/default/xui/en/floater_hud.xml","Not implemented or not independently verified"
"Second Life","floater_im_container.xml","https://github.com/secondlife/viewer/blob/1411420f0b7df0112c3140123a64d6f9202891ba/indra/newview/skins/default/xui/en/floater_im_container.xml","Not implemented or not independently verified"
"Second Life","floater_im_session.xml","https://github.com/secondlife/viewer/blob/1411420f0b7df0112c3140123a64d6f9202891ba/indra/newview/skins/default/xui/en/floater_im_session.xml","Chat"
"Second Life","floater_image_preview.xml","https://github.com/secondlife/viewer/blob/1411420f0b7df0112c3140123a64d6f9202891ba/indra/newview/skins/default/xui/en/floater_image_preview.xml","Not implemented or not independently verified"
"Second Life","floater_import_collada.xml","https://github.com/secondlife/viewer/blob/1411420f0b7df0112c3140123a64d6f9202891ba/indra/newview/skins/default/xui/en/floater_import_collada.xml","Not implemented or not independently verified"
"Second Life","floater_incoming_call.xml","https://github.com/secondlife/viewer/blob/1411420f0b7df0112c3140123a64d6f9202891ba/indra/newview/skins/default/xui/en/floater_incoming_call.xml","Not implemented or not independently verified"
"Second Life","floater_inspect.xml","https://github.com/secondlife/viewer/blob/1411420f0b7df0112c3140123a64d6f9202891ba/indra/newview/skins/default/xui/en/floater_inspect.xml","Not implemented or not independently verified"
"Second Life","floater_inventory_settings.xml","https://github.com/secondlife/viewer/blob/1411420f0b7df0112c3140123a64d6f9202891ba/indra/newview/skins/default/xui/en/floater_inventory_settings.xml","Inventory (partial)"
"Second Life","floater_inventory_thumbnails_helper.xml","https://github.com/secondlife/viewer/blob/1411420f0b7df0112c3140123a64d6f9202891ba/indra/newview/skins/default/xui/en/floater_inventory_thumbnails_helper.xml","Inventory (partial)"
"Second Life","floater_inventory_view_finder.xml","https://github.com/secondlife/viewer/blob/1411420f0b7df0112c3140123a64d6f9202891ba/indra/newview/skins/default/xui/en/floater_inventory_view_finder.xml","Inventory (partial)"
"Second Life","floater_item_properties.xml","https://github.com/secondlife/viewer/blob/1411420f0b7df0112c3140123a64d6f9202891ba/indra/newview/skins/default/xui/en/floater_item_properties.xml","Not implemented or not independently verified"
"Second Life","floater_joystick.xml","https://github.com/secondlife/viewer/blob/1411420f0b7df0112c3140123a64d6f9202891ba/indra/newview/skins/default/xui/en/floater_joystick.xml","Not implemented or not independently verified"
"Second Life","floater_lagmeter.xml","https://github.com/secondlife/viewer/blob/1411420f0b7df0112c3140123a64d6f9202891ba/indra/newview/skins/default/xui/en/floater_lagmeter.xml","Not implemented or not independently verified"
"Second Life","floater_land_holdings.xml","https://github.com/secondlife/viewer/blob/1411420f0b7df0112c3140123a64d6f9202891ba/indra/newview/skins/default/xui/en/floater_land_holdings.xml","Not implemented or not independently verified"
"Second Life","floater_linkreplace.xml","https://github.com/secondlife/viewer/blob/1411420f0b7df0112c3140123a64d6f9202891ba/indra/newview/skins/default/xui/en/floater_linkreplace.xml","Not implemented or not independently verified"
"Second Life","floater_live_lsleditor.xml","https://github.com/secondlife/viewer/blob/1411420f0b7df0112c3140123a64d6f9202891ba/indra/newview/skins/default/xui/en/floater_live_lsleditor.xml","Not implemented or not independently verified"
"Second Life","floater_live_material_editor.xml","https://github.com/secondlife/viewer/blob/1411420f0b7df0112c3140123a64d6f9202891ba/indra/newview/skins/default/xui/en/floater_live_material_editor.xml","Not implemented or not independently verified"
"Second Life","floater_load_pref_preset.xml","https://github.com/secondlife/viewer/blob/1411420f0b7df0112c3140123a64d6f9202891ba/indra/newview/skins/default/xui/en/floater_load_pref_preset.xml","Not implemented or not independently verified"
"Second Life","floater_lsl_guide.xml","https://github.com/secondlife/viewer/blob/1411420f0b7df0112c3140123a64d6f9202891ba/indra/newview/skins/default/xui/en/floater_lsl_guide.xml","Not implemented or not independently verified"
"Second Life","floater_map.xml","https://github.com/secondlife/viewer/blob/1411420f0b7df0112c3140123a64d6f9202891ba/indra/newview/skins/default/xui/en/floater_map.xml","Not implemented or not independently verified"
"Second Life","floater_marketplace.xml","https://github.com/secondlife/viewer/blob/1411420f0b7df0112c3140123a64d6f9202891ba/indra/newview/skins/default/xui/en/floater_marketplace.xml","Not implemented or not independently verified"
"Second Life","floater_marketplace_listings.xml","https://github.com/secondlife/viewer/blob/1411420f0b7df0112c3140123a64d6f9202891ba/indra/newview/skins/default/xui/en/floater_marketplace_listings.xml","Not implemented or not independently verified"
"Second Life","floater_marketplace_validation.xml","https://github.com/secondlife/viewer/blob/1411420f0b7df0112c3140123a64d6f9202891ba/indra/newview/skins/default/xui/en/floater_marketplace_validation.xml","Not implemented or not independently verified"
"Second Life","floater_material_editor.xml","https://github.com/secondlife/viewer/blob/1411420f0b7df0112c3140123a64d6f9202891ba/indra/newview/skins/default/xui/en/floater_material_editor.xml","Not implemented or not independently verified"
"Second Life","floater_maturity_dialog.xml","https://github.com/secondlife/viewer/blob/1411420f0b7df0112c3140123a64d6f9202891ba/indra/newview/skins/default/xui/en/floater_maturity_dialog.xml","Not implemented or not independently verified"
"Second Life","floater_media_browser.xml","https://github.com/secondlife/viewer/blob/1411420f0b7df0112c3140123a64d6f9202891ba/indra/newview/skins/default/xui/en/floater_media_browser.xml","Not implemented or not independently verified"
"Second Life","floater_media_settings.xml","https://github.com/secondlife/viewer/blob/1411420f0b7df0112c3140123a64d6f9202891ba/indra/newview/skins/default/xui/en/floater_media_settings.xml","Not implemented or not independently verified"
"Second Life","floater_mem_leaking.xml","https://github.com/secondlife/viewer/blob/1411420f0b7df0112c3140123a64d6f9202891ba/indra/newview/skins/default/xui/en/floater_mem_leaking.xml","Not implemented or not independently verified"
"Second Life","floater_mfa.xml","https://github.com/secondlife/viewer/blob/1411420f0b7df0112c3140123a64d6f9202891ba/indra/newview/skins/default/xui/en/floater_mfa.xml","Not implemented or not independently verified"
"Second Life","floater_model_preview.xml","https://github.com/secondlife/viewer/blob/1411420f0b7df0112c3140123a64d6f9202891ba/indra/newview/skins/default/xui/en/floater_model_preview.xml","Not implemented or not independently verified"
"Second Life","floater_moveview.xml","https://github.com/secondlife/viewer/blob/1411420f0b7df0112c3140123a64d6f9202891ba/indra/newview/skins/default/xui/en/floater_moveview.xml","Not implemented or not independently verified"
"Second Life","floater_mute_object.xml","https://github.com/secondlife/viewer/blob/1411420f0b7df0112c3140123a64d6f9202891ba/indra/newview/skins/default/xui/en/floater_mute_object.xml","Mute List"
"Second Life","floater_my_appearance.xml","https://github.com/secondlife/viewer/blob/1411420f0b7df0112c3140123a64d6f9202891ba/indra/newview/skins/default/xui/en/floater_my_appearance.xml","Not implemented or not independently verified"
"Second Life","floater_my_environments.xml","https://github.com/secondlife/viewer/blob/1411420f0b7df0112c3140123a64d6f9202891ba/indra/newview/skins/default/xui/en/floater_my_environments.xml","Environment (local preview/region)"
"Second Life","floater_my_inventory.xml","https://github.com/secondlife/viewer/blob/1411420f0b7df0112c3140123a64d6f9202891ba/indra/newview/skins/default/xui/en/floater_my_inventory.xml","Inventory (partial)"
"Second Life","floater_my_scripts.xml","https://github.com/secondlife/viewer/blob/1411420f0b7df0112c3140123a64d6f9202891ba/indra/newview/skins/default/xui/en/floater_my_scripts.xml","Not implemented or not independently verified"
"Second Life","floater_my_web_profile.xml","https://github.com/secondlife/viewer/blob/1411420f0b7df0112c3140123a64d6f9202891ba/indra/newview/skins/default/xui/en/floater_my_web_profile.xml","Not implemented or not independently verified"
"Second Life","floater_new_feature_notification.xml","https://github.com/secondlife/viewer/blob/1411420f0b7df0112c3140123a64d6f9202891ba/indra/newview/skins/default/xui/en/floater_new_feature_notification.xml","Not implemented or not independently verified"
"Second Life","floater_notification.xml","https://github.com/secondlife/viewer/blob/1411420f0b7df0112c3140123a64d6f9202891ba/indra/newview/skins/default/xui/en/floater_notification.xml","Not implemented or not independently verified"
"Second Life","floater_notifications_console.xml","https://github.com/secondlife/viewer/blob/1411420f0b7df0112c3140123a64d6f9202891ba/indra/newview/skins/default/xui/en/floater_notifications_console.xml","Not implemented or not independently verified"
"Second Life","floater_notifications_tabbed.xml","https://github.com/secondlife/viewer/blob/1411420f0b7df0112c3140123a64d6f9202891ba/indra/newview/skins/default/xui/en/floater_notifications_tabbed.xml","Not implemented or not independently verified"
"Second Life","floater_object_weights.xml","https://github.com/secondlife/viewer/blob/1411420f0b7df0112c3140123a64d6f9202891ba/indra/newview/skins/default/xui/en/floater_object_weights.xml","Not implemented or not independently verified"
"Second Life","floater_openobject.xml","https://github.com/secondlife/viewer/blob/1411420f0b7df0112c3140123a64d6f9202891ba/indra/newview/skins/default/xui/en/floater_openobject.xml","Not implemented or not independently verified"
"Second Life","floater_outfit_save_as.xml","https://github.com/secondlife/viewer/blob/1411420f0b7df0112c3140123a64d6f9202891ba/indra/newview/skins/default/xui/en/floater_outfit_save_as.xml","Not implemented or not independently verified"
"Second Life","floater_outgoing_call.xml","https://github.com/secondlife/viewer/blob/1411420f0b7df0112c3140123a64d6f9202891ba/indra/newview/skins/default/xui/en/floater_outgoing_call.xml","Not implemented or not independently verified"
"Second Life","floater_pathfinding_characters.xml","https://github.com/secondlife/viewer/blob/1411420f0b7df0112c3140123a64d6f9202891ba/indra/newview/skins/default/xui/en/floater_pathfinding_characters.xml","Not implemented or not independently verified"
"Second Life","floater_pathfinding_console.xml","https://github.com/secondlife/viewer/blob/1411420f0b7df0112c3140123a64d6f9202891ba/indra/newview/skins/default/xui/en/floater_pathfinding_console.xml","Not implemented or not independently verified"
"Second Life","floater_pathfinding_linksets.xml","https://github.com/secondlife/viewer/blob/1411420f0b7df0112c3140123a64d6f9202891ba/indra/newview/skins/default/xui/en/floater_pathfinding_linksets.xml","Not implemented or not independently verified"
"Second Life","floater_pay.xml","https://github.com/secondlife/viewer/blob/1411420f0b7df0112c3140123a64d6f9202891ba/indra/newview/skins/default/xui/en/floater_pay.xml","Not implemented or not independently verified"
"Second Life","floater_pay_object.xml","https://github.com/secondlife/viewer/blob/1411420f0b7df0112c3140123a64d6f9202891ba/indra/newview/skins/default/xui/en/floater_pay_object.xml","Not implemented or not independently verified"
"Second Life","floater_people.xml","https://github.com/secondlife/viewer/blob/1411420f0b7df0112c3140123a64d6f9202891ba/indra/newview/skins/default/xui/en/floater_people.xml","Not implemented or not independently verified"
"Second Life","floater_performance.xml","https://github.com/secondlife/viewer/blob/1411420f0b7df0112c3140123a64d6f9202891ba/indra/newview/skins/default/xui/en/floater_performance.xml","Not implemented or not independently verified"
"Second Life","floater_perms_default.xml","https://github.com/secondlife/viewer/blob/1411420f0b7df0112c3140123a64d6f9202891ba/indra/newview/skins/default/xui/en/floater_perms_default.xml","Not implemented or not independently verified"
"Second Life","floater_pick_track.xml","https://github.com/secondlife/viewer/blob/1411420f0b7df0112c3140123a64d6f9202891ba/indra/newview/skins/default/xui/en/floater_pick_track.xml","Not implemented or not independently verified"
"Second Life","floater_places.xml","https://github.com/secondlife/viewer/blob/1411420f0b7df0112c3140123a64d6f9202891ba/indra/newview/skins/default/xui/en/floater_places.xml","Not implemented or not independently verified"
"Second Life","floater_preferences.xml","https://github.com/secondlife/viewer/blob/1411420f0b7df0112c3140123a64d6f9202891ba/indra/newview/skins/default/xui/en/floater_preferences.xml","Settings"
"Second Life","floater_preferences_graphics_advanced.xml","https://github.com/secondlife/viewer/blob/1411420f0b7df0112c3140123a64d6f9202891ba/indra/newview/skins/default/xui/en/floater_preferences_graphics_advanced.xml","Settings"
"Second Life","floater_preferences_proxy.xml","https://github.com/secondlife/viewer/blob/1411420f0b7df0112c3140123a64d6f9202891ba/indra/newview/skins/default/xui/en/floater_preferences_proxy.xml","Settings"
"Second Life","floater_preferences_view_advanced.xml","https://github.com/secondlife/viewer/blob/1411420f0b7df0112c3140123a64d6f9202891ba/indra/newview/skins/default/xui/en/floater_preferences_view_advanced.xml","Settings"
"Second Life","floater_preview_animation.xml","https://github.com/secondlife/viewer/blob/1411420f0b7df0112c3140123a64d6f9202891ba/indra/newview/skins/default/xui/en/floater_preview_animation.xml","Not implemented or not independently verified"
"Second Life","floater_preview_gesture.xml","https://github.com/secondlife/viewer/blob/1411420f0b7df0112c3140123a64d6f9202891ba/indra/newview/skins/default/xui/en/floater_preview_gesture.xml","Not implemented or not independently verified"
"Second Life","floater_preview_notecard.xml","https://github.com/secondlife/viewer/blob/1411420f0b7df0112c3140123a64d6f9202891ba/indra/newview/skins/default/xui/en/floater_preview_notecard.xml","Not implemented or not independently verified"
"Second Life","floater_preview_sound.xml","https://github.com/secondlife/viewer/blob/1411420f0b7df0112c3140123a64d6f9202891ba/indra/newview/skins/default/xui/en/floater_preview_sound.xml","Not implemented or not independently verified"
"Second Life","floater_preview_texture.xml","https://github.com/secondlife/viewer/blob/1411420f0b7df0112c3140123a64d6f9202891ba/indra/newview/skins/default/xui/en/floater_preview_texture.xml","Not implemented or not independently verified"
"Second Life","floater_preview_trash.xml","https://github.com/secondlife/viewer/blob/1411420f0b7df0112c3140123a64d6f9202891ba/indra/newview/skins/default/xui/en/floater_preview_trash.xml","Not implemented or not independently verified"
"Second Life","floater_price_for_listing.xml","https://github.com/secondlife/viewer/blob/1411420f0b7df0112c3140123a64d6f9202891ba/indra/newview/skins/default/xui/en/floater_price_for_listing.xml","Not implemented or not independently verified"
"Second Life","floater_profile.xml","https://github.com/secondlife/viewer/blob/1411420f0b7df0112c3140123a64d6f9202891ba/indra/newview/skins/default/xui/en/floater_profile.xml","Not implemented or not independently verified"
"Second Life","floater_profile_permissions.xml","https://github.com/secondlife/viewer/blob/1411420f0b7df0112c3140123a64d6f9202891ba/indra/newview/skins/default/xui/en/floater_profile_permissions.xml","Not implemented or not independently verified"
"Second Life","floater_profile_texture.xml","https://github.com/secondlife/viewer/blob/1411420f0b7df0112c3140123a64d6f9202891ba/indra/newview/skins/default/xui/en/floater_profile_texture.xml","Not implemented or not independently verified"
"Second Life","floater_publish_classified.xml","https://github.com/secondlife/viewer/blob/1411420f0b7df0112c3140123a64d6f9202891ba/indra/newview/skins/default/xui/en/floater_publish_classified.xml","Not implemented or not independently verified"
"Second Life","floater_region_debug_console.xml","https://github.com/secondlife/viewer/blob/1411420f0b7df0112c3140123a64d6f9202891ba/indra/newview/skins/default/xui/en/floater_region_debug_console.xml","Not implemented or not independently verified"
"Second Life","floater_region_info.xml","https://github.com/secondlife/viewer/blob/1411420f0b7df0112c3140123a64d6f9202891ba/indra/newview/skins/default/xui/en/floater_region_info.xml","Not implemented or not independently verified"
"Second Life","floater_region_restart_schedule.xml","https://github.com/secondlife/viewer/blob/1411420f0b7df0112c3140123a64d6f9202891ba/indra/newview/skins/default/xui/en/floater_region_restart_schedule.xml","Not implemented or not independently verified"
"Second Life","floater_region_restarting.xml","https://github.com/secondlife/viewer/blob/1411420f0b7df0112c3140123a64d6f9202891ba/indra/newview/skins/default/xui/en/floater_region_restarting.xml","Not implemented or not independently verified"
"Second Life","floater_report_abuse.xml","https://github.com/secondlife/viewer/blob/1411420f0b7df0112c3140123a64d6f9202891ba/indra/newview/skins/default/xui/en/floater_report_abuse.xml","Not implemented or not independently verified"
"Second Life","floater_save_camera_preset.xml","https://github.com/secondlife/viewer/blob/1411420f0b7df0112c3140123a64d6f9202891ba/indra/newview/skins/default/xui/en/floater_save_camera_preset.xml","Camera"
"Second Life","floater_save_pref_preset.xml","https://github.com/secondlife/viewer/blob/1411420f0b7df0112c3140123a64d6f9202891ba/indra/newview/skins/default/xui/en/floater_save_pref_preset.xml","Not implemented or not independently verified"
"Second Life","floater_scene_load_stats.xml","https://github.com/secondlife/viewer/blob/1411420f0b7df0112c3140123a64d6f9202891ba/indra/newview/skins/default/xui/en/floater_scene_load_stats.xml","Not implemented or not independently verified"
"Second Life","floater_script.xml","https://github.com/secondlife/viewer/blob/1411420f0b7df0112c3140123a64d6f9202891ba/indra/newview/skins/default/xui/en/floater_script.xml","Not implemented or not independently verified"
"Second Life","floater_script_debug.xml","https://github.com/secondlife/viewer/blob/1411420f0b7df0112c3140123a64d6f9202891ba/indra/newview/skins/default/xui/en/floater_script_debug.xml","Not implemented or not independently verified"
"Second Life","floater_script_debug_panel.xml","https://github.com/secondlife/viewer/blob/1411420f0b7df0112c3140123a64d6f9202891ba/indra/newview/skins/default/xui/en/floater_script_debug_panel.xml","Not implemented or not independently verified"
"Second Life","floater_script_ed_prefs.xml","https://github.com/secondlife/viewer/blob/1411420f0b7df0112c3140123a64d6f9202891ba/indra/newview/skins/default/xui/en/floater_script_ed_prefs.xml","Not implemented or not independently verified"
"Second Life","floater_script_limits.xml","https://github.com/secondlife/viewer/blob/1411420f0b7df0112c3140123a64d6f9202891ba/indra/newview/skins/default/xui/en/floater_script_limits.xml","Not implemented or not independently verified"
"Second Life","floater_script_preview.xml","https://github.com/secondlife/viewer/blob/1411420f0b7df0112c3140123a64d6f9202891ba/indra/newview/skins/default/xui/en/floater_script_preview.xml","Not implemented or not independently verified"
"Second Life","floater_script_queue.xml","https://github.com/secondlife/viewer/blob/1411420f0b7df0112c3140123a64d6f9202891ba/indra/newview/skins/default/xui/en/floater_script_queue.xml","Not implemented or not independently verified"
"Second Life","floater_script_search.xml","https://github.com/secondlife/viewer/blob/1411420f0b7df0112c3140123a64d6f9202891ba/indra/newview/skins/default/xui/en/floater_script_search.xml","Not implemented or not independently verified"
"Second Life","floater_scripting_settings.xml","https://github.com/secondlife/viewer/blob/1411420f0b7df0112c3140123a64d6f9202891ba/indra/newview/skins/default/xui/en/floater_scripting_settings.xml","Not implemented or not independently verified"
"Second Life","floater_search.xml","https://github.com/secondlife/viewer/blob/1411420f0b7df0112c3140123a64d6f9202891ba/indra/newview/skins/default/xui/en/floater_search.xml","Not implemented or not independently verified"
"Second Life","floater_select_key.xml","https://github.com/secondlife/viewer/blob/1411420f0b7df0112c3140123a64d6f9202891ba/indra/newview/skins/default/xui/en/floater_select_key.xml","Not implemented or not independently verified"
"Second Life","floater_sell_land.xml","https://github.com/secondlife/viewer/blob/1411420f0b7df0112c3140123a64d6f9202891ba/indra/newview/skins/default/xui/en/floater_sell_land.xml","Not implemented or not independently verified"
"Second Life","floater_settings_color.xml","https://github.com/secondlife/viewer/blob/1411420f0b7df0112c3140123a64d6f9202891ba/indra/newview/skins/default/xui/en/floater_settings_color.xml","Not implemented or not independently verified"
"Second Life","floater_settings_debug.xml","https://github.com/secondlife/viewer/blob/1411420f0b7df0112c3140123a64d6f9202891ba/indra/newview/skins/default/xui/en/floater_settings_debug.xml","Not implemented or not independently verified"
"Second Life","floater_settings_picker.xml","https://github.com/secondlife/viewer/blob/1411420f0b7df0112c3140123a64d6f9202891ba/indra/newview/skins/default/xui/en/floater_settings_picker.xml","Not implemented or not independently verified"
"Second Life","floater_side_bar_tab.xml","https://github.com/secondlife/viewer/blob/1411420f0b7df0112c3140123a64d6f9202891ba/indra/newview/skins/default/xui/en/floater_side_bar_tab.xml","Not implemented or not independently verified"
"Second Life","floater_simple_snapshot.xml","https://github.com/secondlife/viewer/blob/1411420f0b7df0112c3140123a64d6f9202891ba/indra/newview/skins/default/xui/en/floater_simple_snapshot.xml","Snapshot (local PNG only)"
"Second Life","floater_snapshot.xml","https://github.com/secondlife/viewer/blob/1411420f0b7df0112c3140123a64d6f9202891ba/indra/newview/skins/default/xui/en/floater_snapshot.xml","Snapshot (local PNG only)"
"Second Life","floater_sound_preview.xml","https://github.com/secondlife/viewer/blob/1411420f0b7df0112c3140123a64d6f9202891ba/indra/newview/skins/default/xui/en/floater_sound_preview.xml","Not implemented or not independently verified"
"Second Life","floater_spellcheck.xml","https://github.com/secondlife/viewer/blob/1411420f0b7df0112c3140123a64d6f9202891ba/indra/newview/skins/default/xui/en/floater_spellcheck.xml","Not implemented or not independently verified"
"Second Life","floater_spellcheck_import.xml","https://github.com/secondlife/viewer/blob/1411420f0b7df0112c3140123a64d6f9202891ba/indra/newview/skins/default/xui/en/floater_spellcheck_import.xml","Not implemented or not independently verified"
"Second Life","floater_stats.xml","https://github.com/secondlife/viewer/blob/1411420f0b7df0112c3140123a64d6f9202891ba/indra/newview/skins/default/xui/en/floater_stats.xml","Not implemented or not independently verified"
"Second Life","floater_sys_well.xml","https://github.com/secondlife/viewer/blob/1411420f0b7df0112c3140123a64d6f9202891ba/indra/newview/skins/default/xui/en/floater_sys_well.xml","Not implemented or not independently verified"
"Second Life","floater_task_properties.xml","https://github.com/secondlife/viewer/blob/1411420f0b7df0112c3140123a64d6f9202891ba/indra/newview/skins/default/xui/en/floater_task_properties.xml","Not implemented or not independently verified"
"Second Life","floater_telehub.xml","https://github.com/secondlife/viewer/blob/1411420f0b7df0112c3140123a64d6f9202891ba/indra/newview/skins/default/xui/en/floater_telehub.xml","Not implemented or not independently verified"
"Second Life","floater_test_button.xml","https://github.com/secondlife/viewer/blob/1411420f0b7df0112c3140123a64d6f9202891ba/indra/newview/skins/default/xui/en/floater_test_button.xml","Not implemented or not independently verified"
"Second Life","floater_test_checkbox.xml","https://github.com/secondlife/viewer/blob/1411420f0b7df0112c3140123a64d6f9202891ba/indra/newview/skins/default/xui/en/floater_test_checkbox.xml","Not implemented or not independently verified"
"Second Life","floater_test_combobox.xml","https://github.com/secondlife/viewer/blob/1411420f0b7df0112c3140123a64d6f9202891ba/indra/newview/skins/default/xui/en/floater_test_combobox.xml","Not implemented or not independently verified"
"Second Life","floater_test_inspectors.xml","https://github.com/secondlife/viewer/blob/1411420f0b7df0112c3140123a64d6f9202891ba/indra/newview/skins/default/xui/en/floater_test_inspectors.xml","Not implemented or not independently verified"
"Second Life","floater_test_layout.xml","https://github.com/secondlife/viewer/blob/1411420f0b7df0112c3140123a64d6f9202891ba/indra/newview/skins/default/xui/en/floater_test_layout.xml","Not implemented or not independently verified"
"Second Life","floater_test_layout_stacks.xml","https://github.com/secondlife/viewer/blob/1411420f0b7df0112c3140123a64d6f9202891ba/indra/newview/skins/default/xui/en/floater_test_layout_stacks.xml","Not implemented or not independently verified"
"Second Life","floater_test_line_editor.xml","https://github.com/secondlife/viewer/blob/1411420f0b7df0112c3140123a64d6f9202891ba/indra/newview/skins/default/xui/en/floater_test_line_editor.xml","Not implemented or not independently verified"
"Second Life","floater_test_list_view.xml","https://github.com/secondlife/viewer/blob/1411420f0b7df0112c3140123a64d6f9202891ba/indra/newview/skins/default/xui/en/floater_test_list_view.xml","Not implemented or not independently verified"
"Second Life","floater_test_navigation_bar.xml","https://github.com/secondlife/viewer/blob/1411420f0b7df0112c3140123a64d6f9202891ba/indra/newview/skins/default/xui/en/floater_test_navigation_bar.xml","Not implemented or not independently verified"
"Second Life","floater_test_radiogroup.xml","https://github.com/secondlife/viewer/blob/1411420f0b7df0112c3140123a64d6f9202891ba/indra/newview/skins/default/xui/en/floater_test_radiogroup.xml","Groups (profile/members/roles/chat; management incomplete)"
"Second Life","floater_test_slapp.xml","https://github.com/secondlife/viewer/blob/1411420f0b7df0112c3140123a64d6f9202891ba/indra/newview/skins/default/xui/en/floater_test_slapp.xml","Not implemented or not independently verified"
"Second Life","floater_test_slider.xml","https://github.com/secondlife/viewer/blob/1411420f0b7df0112c3140123a64d6f9202891ba/indra/newview/skins/default/xui/en/floater_test_slider.xml","Not implemented or not independently verified"
"Second Life","floater_test_spinner.xml","https://github.com/secondlife/viewer/blob/1411420f0b7df0112c3140123a64d6f9202891ba/indra/newview/skins/default/xui/en/floater_test_spinner.xml","Not implemented or not independently verified"
"Second Life","floater_test_text_editor.xml","https://github.com/secondlife/viewer/blob/1411420f0b7df0112c3140123a64d6f9202891ba/indra/newview/skins/default/xui/en/floater_test_text_editor.xml","Not implemented or not independently verified"
"Second Life","floater_test_text_vertical_aligment.xml","https://github.com/secondlife/viewer/blob/1411420f0b7df0112c3140123a64d6f9202891ba/indra/newview/skins/default/xui/en/floater_test_text_vertical_aligment.xml","Not implemented or not independently verified"
"Second Life","floater_test_textbox.xml","https://github.com/secondlife/viewer/blob/1411420f0b7df0112c3140123a64d6f9202891ba/indra/newview/skins/default/xui/en/floater_test_textbox.xml","Not implemented or not independently verified"
"Second Life","floater_test_toolbar.xml","https://github.com/secondlife/viewer/blob/1411420f0b7df0112c3140123a64d6f9202891ba/indra/newview/skins/default/xui/en/floater_test_toolbar.xml","Not implemented or not independently verified"
"Second Life","floater_test_widgets.xml","https://github.com/secondlife/viewer/blob/1411420f0b7df0112c3140123a64d6f9202891ba/indra/newview/skins/default/xui/en/floater_test_widgets.xml","Not implemented or not independently verified"
"Second Life","floater_texture_ctrl.xml","https://github.com/secondlife/viewer/blob/1411420f0b7df0112c3140123a64d6f9202891ba/indra/newview/skins/default/xui/en/floater_texture_ctrl.xml","Not implemented or not independently verified"
"Second Life","floater_tools.xml","https://github.com/secondlife/viewer/blob/1411420f0b7df0112c3140123a64d6f9202891ba/indra/newview/skins/default/xui/en/floater_tools.xml","Not implemented or not independently verified"
"Second Life","floater_top_objects.xml","https://github.com/secondlife/viewer/blob/1411420f0b7df0112c3140123a64d6f9202891ba/indra/newview/skins/default/xui/en/floater_top_objects.xml","Not implemented or not independently verified"
"Second Life","floater_tos.xml","https://github.com/secondlife/viewer/blob/1411420f0b7df0112c3140123a64d6f9202891ba/indra/newview/skins/default/xui/en/floater_tos.xml","Not implemented or not independently verified"
"Second Life","floater_toybox.xml","https://github.com/secondlife/viewer/blob/1411420f0b7df0112c3140123a64d6f9202891ba/indra/newview/skins/default/xui/en/floater_toybox.xml","Not implemented or not independently verified"
"Second Life","floater_translation_settings.xml","https://github.com/secondlife/viewer/blob/1411420f0b7df0112c3140123a64d6f9202891ba/indra/newview/skins/default/xui/en/floater_translation_settings.xml","Not implemented or not independently verified"
"Second Life","floater_ui_preview.xml","https://github.com/secondlife/viewer/blob/1411420f0b7df0112c3140123a64d6f9202891ba/indra/newview/skins/default/xui/en/floater_ui_preview.xml","Not implemented or not independently verified"
"Second Life","floater_url_entry.xml","https://github.com/secondlife/viewer/blob/1411420f0b7df0112c3140123a64d6f9202891ba/indra/newview/skins/default/xui/en/floater_url_entry.xml","Not implemented or not independently verified"
"Second Life","floater_voice_chat_volume.xml","https://github.com/secondlife/viewer/blob/1411420f0b7df0112c3140123a64d6f9202891ba/indra/newview/skins/default/xui/en/floater_voice_chat_volume.xml","Not implemented or not independently verified"
"Second Life","floater_voice_volume.xml","https://github.com/secondlife/viewer/blob/1411420f0b7df0112c3140123a64d6f9202891ba/indra/newview/skins/default/xui/en/floater_voice_volume.xml","Not implemented or not independently verified"
"Second Life","floater_web_content.xml","https://github.com/secondlife/viewer/blob/1411420f0b7df0112c3140123a64d6f9202891ba/indra/newview/skins/default/xui/en/floater_web_content.xml","Not implemented or not independently verified"
"Second Life","floater_web_profile.xml","https://github.com/secondlife/viewer/blob/1411420f0b7df0112c3140123a64d6f9202891ba/indra/newview/skins/default/xui/en/floater_web_profile.xml","Not implemented or not independently verified"
"Second Life","floater_whitelist_entry.xml","https://github.com/secondlife/viewer/blob/1411420f0b7df0112c3140123a64d6f9202891ba/indra/newview/skins/default/xui/en/floater_whitelist_entry.xml","Not implemented or not independently verified"
"Second Life","floater_window_size.xml","https://github.com/secondlife/viewer/blob/1411420f0b7df0112c3140123a64d6f9202891ba/indra/newview/skins/default/xui/en/floater_window_size.xml","Not implemented or not independently verified"
"Second Life","floater_world_map.xml","https://github.com/secondlife/viewer/blob/1411420f0b7df0112c3140123a64d6f9202891ba/indra/newview/skins/default/xui/en/floater_world_map.xml","Map"
"Second Life","panel_group_bulk_ban.xml","https://github.com/secondlife/viewer/blob/1411420f0b7df0112c3140123a64d6f9202891ba/indra/newview/skins/default/xui/en/panel_group_bulk_ban.xml","Groups (profile/members/roles/chat; management incomplete)"
"Second Life","panel_group_creation_sidetray.xml","https://github.com/secondlife/viewer/blob/1411420f0b7df0112c3140123a64d6f9202891ba/indra/newview/skins/default/xui/en/panel_group_creation_sidetray.xml","Groups (profile/members/roles/chat; management incomplete)"
"Second Life","panel_group_general.xml","https://github.com/secondlife/viewer/blob/1411420f0b7df0112c3140123a64d6f9202891ba/indra/newview/skins/default/xui/en/panel_group_general.xml","Groups (profile/members/roles/chat; management incomplete)"
"Second Life","panel_group_info_sidetray.xml","https://github.com/secondlife/viewer/blob/1411420f0b7df0112c3140123a64d6f9202891ba/indra/newview/skins/default/xui/en/panel_group_info_sidetray.xml","Groups (profile/members/roles/chat; management incomplete)"
"Second Life","panel_group_invite.xml","https://github.com/secondlife/viewer/blob/1411420f0b7df0112c3140123a64d6f9202891ba/indra/newview/skins/default/xui/en/panel_group_invite.xml","Groups (profile/members/roles/chat; management incomplete)"
"Second Life","panel_group_land_money.xml","https://github.com/secondlife/viewer/blob/1411420f0b7df0112c3140123a64d6f9202891ba/indra/newview/skins/default/xui/en/panel_group_land_money.xml","Groups (profile/members/roles/chat; management incomplete)"
"Second Life","panel_group_list_item.xml","https://github.com/secondlife/viewer/blob/1411420f0b7df0112c3140123a64d6f9202891ba/indra/newview/skins/default/xui/en/panel_group_list_item.xml","Groups (profile/members/roles/chat; management incomplete)"
"Second Life","panel_group_list_item_short.xml","https://github.com/secondlife/viewer/blob/1411420f0b7df0112c3140123a64d6f9202891ba/indra/newview/skins/default/xui/en/panel_group_list_item_short.xml","Groups (profile/members/roles/chat; management incomplete)"
"Second Life","panel_group_notices.xml","https://github.com/secondlife/viewer/blob/1411420f0b7df0112c3140123a64d6f9202891ba/indra/newview/skins/default/xui/en/panel_group_notices.xml","Groups (profile/members/roles/chat; management incomplete)"
"Second Life","panel_group_notify.xml","https://github.com/secondlife/viewer/blob/1411420f0b7df0112c3140123a64d6f9202891ba/indra/newview/skins/default/xui/en/panel_group_notify.xml","Groups (profile/members/roles/chat; management incomplete)"
"Second Life","panel_group_roles.xml","https://github.com/secondlife/viewer/blob/1411420f0b7df0112c3140123a64d6f9202891ba/indra/newview/skins/default/xui/en/panel_group_roles.xml","Groups (profile/members/roles/chat; management incomplete)"
"Second Life","panel_preferences_advanced.xml","https://github.com/secondlife/viewer/blob/1411420f0b7df0112c3140123a64d6f9202891ba/indra/newview/skins/default/xui/en/panel_preferences_advanced.xml","Settings"
"Second Life","panel_preferences_alerts.xml","https://github.com/secondlife/viewer/blob/1411420f0b7df0112c3140123a64d6f9202891ba/indra/newview/skins/default/xui/en/panel_preferences_alerts.xml","Settings"
"Second Life","panel_preferences_chat.xml","https://github.com/secondlife/viewer/blob/1411420f0b7df0112c3140123a64d6f9202891ba/indra/newview/skins/default/xui/en/panel_preferences_chat.xml","Settings"
"Second Life","panel_preferences_colors.xml","https://github.com/secondlife/viewer/blob/1411420f0b7df0112c3140123a64d6f9202891ba/indra/newview/skins/default/xui/en/panel_preferences_colors.xml","Settings"
"Second Life","panel_preferences_controls.xml","https://github.com/secondlife/viewer/blob/1411420f0b7df0112c3140123a64d6f9202891ba/indra/newview/skins/default/xui/en/panel_preferences_controls.xml","Settings"
"Second Life","panel_preferences_general.xml","https://github.com/secondlife/viewer/blob/1411420f0b7df0112c3140123a64d6f9202891ba/indra/newview/skins/default/xui/en/panel_preferences_general.xml","Settings"
"Second Life","panel_preferences_graphics1.xml","https://github.com/secondlife/viewer/blob/1411420f0b7df0112c3140123a64d6f9202891ba/indra/newview/skins/default/xui/en/panel_preferences_graphics1.xml","Settings"
"Second Life","panel_preferences_move.xml","https://github.com/secondlife/viewer/blob/1411420f0b7df0112c3140123a64d6f9202891ba/indra/newview/skins/default/xui/en/panel_preferences_move.xml","Settings"
"Second Life","panel_preferences_privacy.xml","https://github.com/secondlife/viewer/blob/1411420f0b7df0112c3140123a64d6f9202891ba/indra/newview/skins/default/xui/en/panel_preferences_privacy.xml","Settings"
"Second Life","panel_preferences_setup.xml","https://github.com/secondlife/viewer/blob/1411420f0b7df0112c3140123a64d6f9202891ba/indra/newview/skins/default/xui/en/panel_preferences_setup.xml","Settings"
"Second Life","panel_preferences_sound.xml","https://github.com/secondlife/viewer/blob/1411420f0b7df0112c3140123a64d6f9202891ba/indra/newview/skins/default/xui/en/panel_preferences_sound.xml","Settings"
"Second Life","panel_preferences_uploads.xml","https://github.com/secondlife/viewer/blob/1411420f0b7df0112c3140123a64d6f9202891ba/indra/newview/skins/default/xui/en/panel_preferences_uploads.xml","Settings"
"Second Life","panel_preferences_voice.xml","https://github.com/secondlife/viewer/blob/1411420f0b7df0112c3140123a64d6f9202891ba/indra/newview/skins/default/xui/en/panel_preferences_voice.xml","Settings"
